0,1,2,3,4,5,6,7,8,9,10,11,12,13,14,15,16,17,18,19,20,21,22,23,24,25,26,27,28,29,30,31,32,33,34,35,36,37,38,39,40,41,42,43,44,45,46,47,48,49,50,51,52,53,54,55,56,57
船ID,龛a番号,名,iみ,N,改装前,改装後,改装Lv,改装a,改装材,改装O,耐久初期,耐久最大,耐久Y婚,火力初期,火力最大,雷装初期,雷装最大,空初期,空最大,装甲初期,装甲最大,潜初期最小,潜最大,对潜155推测,回避初期最小,回避最大,回避155推测,索吵跗谧钚,索匙畲,索敌155推测,\初期,\最大,速力,射程,レア,スロット数,搭dC数1,搭dC数2,搭dC数3,搭dC数4,搭dC数5,初期装1,初期装2,初期装3,初期装4,初期装5,建造rg,解体燃料,解体a,解体材,解体ボ`キ,改修火力,改修雷装,改修空,改修装甲,搭d燃料,搭da
1,31,睦月,むつき,2,0,254,20,100,100,0,13,24,17,6,29,18,59,7,29,5,18,16,39,52,37,79,102,4,17,24,12,49,10,1,3,2,0,0,0,0,0,1,37,-1,-1,-1,18,1,1,4,0,1,1,0,0,15,15
2,32,如月,きさらぎ,2,0,255,20,100,100,0,13,24,17,6,29,18,49,7,29,5,18,16,39,52,37,69,87,4,17,24,10,49,10,1,2,2,0,0,0,0,0,1,-1,-1,-1,-1,18,1,1,4,0,0,1,0,0,15,15
6,35,L月,ながつき,2,0,258,20,100,100,0,13,24,17,6,29,18,49,7,29,5,18,16,39,52,37,69,87,4,17,24,15,69,10,1,2,2,0,0,0,0,0,1,-1,-1,-1,-1,18,1,1,4,0,0,1,0,0,15,15
7,37,三日月,みかづき,2,0,260,20,100,100,0,13,24,17,6,29,18,49,7,29,5,18,16,39,52,37,69,87,4,17,24,10,49,10,1,1,2,0,0,0,0,0,1,-1,-1,-1,-1,18,1,1,4,0,0,1,0,0,15,15
9,11,吹雪,ふぶき,2,0,201,20,100,100,0,15,29,19,10,29,27,79,10,39,5,19,20,49,65,40,89,116,5,19,26,17,49,10,1,3,2,0,0,0,0,0,2,13,-1,-1,-1,20,1,1,5,0,1,1,0,0,15,20
10,12,白雪,しらゆき,2,0,202,20,100,100,0,15,29,19,10,29,27,69,10,39,5,19,20,49,65,40,79,101,5,19,26,10,49,10,1,2,2,0,0,0,0,0,2,-1,-1,-1,-1,20,1,1,5,0,0,1,0,0,15,20
11,14,深雪,みゆき,2,0,204,20,100,100,0,15,29,19,10,29,27,69,10,39,5,19,20,49,65,40,79,101,5,19,26,10,49,10,1,2,2,0,0,0,0,0,2,-1,-1,-1,-1,20,1,1,5,0,0,1,0,0,15,20
12,16,波,いそなみ,2,0,206,20,100,100,0,15,29,19,10,29,27,69,10,39,5,19,20,49,65,40,79,101,5,19,26,10,49,10,1,1,2,0,0,0,0,0,2,-1,-1,-1,-1,20,1,1,5,0,0,1,0,0,15,20
13,17,c波,あやなみ,2,0,207,20,100,100,0,15,29,19,10,29,27,79,12,39,5,19,20,49,65,41,89,116,5,19,26,12,49,10,1,3,2,0,0,0,0,0,2,13,-1,-1,-1,20,1,1,5,0,1,1,0,0,15,20
14,18,敷波,しきなみ,2,0,208,20,100,100,0,15,29,19,10,29,27,69,12,39,5,19,20,49,65,41,79,100,5,19,26,10,49,10,1,2,2,0,0,0,0,0,2,-1,-1,-1,-1,20,1,1,5,0,0,1,0,0,15,20
15,68,曙,あけぼの,2,0,231,20,100,100,0,15,29,19,10,29,27,69,12,39,5,19,20,49,65,41,79,100,5,19,26,10,49,10,1,1,2,0,0,0,0,0,2,-1,-1,-1,-1,20,1,1,5,0,0,1,0,0,15,20
16,70,潮,うしお,2,0,233,20,100,100,0,15,29,19,10,29,27,69,12,39,5,19,20,49,65,41,79,100,5,19,26,20,79,10,1,1,2,0,0,0,0,0,2,-1,-1,-1,-1,20,1,1,5,0,0,1,0,0,15,20
17,91,炎,かげろう,2,0,225,20,100,100,0,16,34,20,10,29,24,79,12,39,6,19,24,49,63,44,79,98,6,19,26,12,49,10,1,3,2,0,0,0,0,0,2,14,-1,-1,-1,24,1,1,6,0,1,1,0,1,15,20
18,92,不知火,しらぬい,2,0,226,20,100,100,0,16,34,20,10,29,24,69,9,39,6,19,24,49,63,44,79,98,6,19,26,10,49,10,1,2,2,0,0,0,0,0,2,-1,-1,-1,-1,24,1,1,6,0,0,1,0,1,15,20
19,93,\潮,くろしお,2,0,227,20,100,100,0,16,34,20,10,29,24,69,9,39,6,19,24,49,63,44,79,98,6,19,26,10,49,10,1,1,2,0,0,0,0,0,2,-1,-1,-1,-1,24,1,1,6,0,0,1,0,1,15,20
20,5,雪L,ゆきかぜ,2,0,228,20,100,100,0,16,39,20,10,29,24,79,12,49,7,29,24,49,63,50,89,111,6,19,26,50,99,10,1,6,2,0,0,0,0,0,2,14,-1,-1,-1,24,1,1,6,0,0,1,1,1,15,20
21,42,L良,ながら,3,0,218,20,200,200,0,26,39,30,14,49,24,89,13,59,10,29,20,59,81,37,79,102,8,39,56,12,49,10,2,4,2,1,1,0,0,0,4,14,-1,-1,-1,60,2,2,10,0,0,1,0,2,25,25
22,43,五十,いすず,3,0,219,12,200,200,0,26,39,30,14,39,24,79,13,49,10,29,40,79,101,37,69,87,8,39,56,10,49,10,2,2,2,1,1,0,0,0,4,-1,-1,-1,-1,60,2,2,10,0,0,1,0,1,25,25
23,45,由良,ゆら,3,0,220,20,200,200,0,26,39,30,14,39,24,79,13,49,10,29,40,79,101,37,69,87,8,39,56,10,49,10,2,1,2,1,1,0,0,0,4,-1,-1,-1,-1,60,2,2,10,0,0,1,0,1,25,25
24,19,大井,おおい,3,0,57,10,100,400,0,25,39,29,14,49,24,89,13,59,11,29,19,59,81,37,77,99,8,39,56,17,49,10,2,5,2,0,0,0,0,0,4,14,-1,-1,-1,60,2,2,9,0,0,1,0,1,25,25
25,20,北上,きたかみ,3,0,58,10,100,400,0,25,39,29,14,39,24,79,13,49,10,29,19,59,81,36,69,87,8,39,56,15,69,10,2,4,2,0,0,0,0,0,4,14,-1,-1,-1,60,2,2,9,0,0,1,0,1,25,25
26,26,扶桑,ふそう,9,0,286,20,500,150,0,67,89,74,74,94,0,0,23,79,59,79,0,0,0,19,39,50,9,33,46,5,39,5,3,4,4,3,3,3,3,0,7,11,25,-1,-1,260,9,18,36,3,4,0,1,3,85,120
27,27,山城,やましろ,9,0,287,20,500,150,0,67,89,74,74,94,0,0,23,79,59,79,0,0,0,19,39,50,9,33,46,5,39,5,3,4,4,3,3,3,3,0,7,11,25,-1,-1,260,9,18,36,3,4,0,1,3,85,120
28,33,w月,さつき,2,0,256,20,100,100,0,13,24,17,6,29,18,49,7,29,5,18,16,39,52,37,69,87,4,17,24,10,49,10,1,2,2,0,0,0,0,0,1,-1,-1,-1,-1,18,1,1,4,0,0,1,0,0,15,15
29,34,文月,ふみづき,2,0,257,20,100,100,0,13,24,17,6,29,18,49,7,29,5,18,16,39,52,37,69,87,4,17,24,10,49,10,1,2,2,0,0,0,0,0,1,-1,-1,-1,-1,18,1,1,4,0,0,1,0,0,15,15
30,36,菊月,きくづき,2,0,259,20,100,100,0,13,24,17,6,29,18,49,7,29,5,18,16,39,52,37,69,87,4,17,24,10,49,10,1,1,2,0,0,0,0,0,1,-1,-1,-1,-1,18,1,1,4,0,0,1,0,0,15,15
31,38,望月,もちづき,2,0,261,20,100,100,0,13,24,17,6,29,18,49,7,29,5,18,16,39,52,37,69,87,4,17,24,10,49,10,1,1,2,0,0,0,0,0,1,-1,-1,-1,-1,18,1,1,4,0,0,1,0,0,15,15
32,13,初雪,はつゆき,2,0,203,20,100,100,0,15,29,19,10,29,27,69,10,39,5,19,20,49,65,40,79,101,5,19,26,10,49,10,1,1,2,0,0,0,0,0,2,-1,-1,-1,-1,20,1,1,5,0,0,1,0,0,15,20
33,15,搽,むらくも,2,0,205,20,100,100,0,15,29,19,10,29,27,69,10,39,5,19,20,49,65,40,79,101,5,19,26,10,49,10,1,2,2,0,0,0,0,0,2,-1,-1,-1,-1,20,1,1,5,0,0,1,0,0,15,20
34,71,,あかつき,2,0,234,20,100,100,0,15,30,19,10,29,27,79,12,39,6,19,20,49,65,42,89,115,5,19,26,12,49,10,1,3,2,0,0,0,0,0,2,13,-1,-1,-1,20,1,1,5,0,1,1,0,0,15,20
35,72,,ひびき,2,0,235,20,100,100,0,15,30,19,10,29,27,69,12,39,6,19,20,49,65,42,79,99,5,19,26,10,49,10,1,2,2,0,0,0,0,0,2,-1,-1,-1,-1,20,1,1,5,0,0,1,0,0,15,20
36,73,雷,いかづち,2,0,236,20,100,100,0,15,30,19,10,29,27,69,12,39,6,19,20,49,65,42,79,99,5,19,26,10,49,10,1,1,2,0,0,0,0,0,2,-1,-1,-1,-1,20,1,1,5,0,0,1,0,0,15,20
37,74,,いなづま,2,0,237,20,100,100,0,15,30,19,10,29,27,69,12,39,6,19,20,49,65,42,79,99,5,19,26,10,49,10,1,1,2,0,0,0,0,0,2,-1,-1,-1,-1,20,1,1,5,0,0,1,0,0,15,20
38,75,初春,はつはる,2,0,238,20,100,100,0,16,31,20,10,29,27,79,12,39,6,19,21,49,64,43,89,115,5,19,26,12,49,10,1,3,2,0,0,0,0,0,2,13,-1,-1,-1,20,1,1,5,0,1,1,0,0,15,20
39,76,子日,ねのひ,2,0,239,20,100,100,0,16,31,20,10,29,27,69,9,39,6,19,21,49,64,43,79,99,5,19,26,10,49,10,1,1,2,0,0,0,0,0,2,-1,-1,-1,-1,20,1,1,5,0,0,1,0,0,15,20
40,77,若~,わかば,2,0,240,20,100,100,0,16,31,20,10,29,27,69,9,39,6,19,21,49,64,43,79,99,5,19,26,10,49,10,1,2,2,0,0,0,0,0,2,-1,-1,-1,-1,20,1,1,5,0,0,1,0,0,15,20
41,78,初霜,はつしも,2,0,241,20,100,100,0,16,31,20,10,29,27,69,9,39,6,19,21,49,64,43,79,99,5,19,26,10,49,10,1,2,2,0,0,0,0,0,2,-1,-1,-1,-1,20,1,1,5,0,0,1,0,0,15,20
42,79,白露,しらつゆ,2,0,242,20,100,100,0,16,32,20,10,29,24,79,12,39,6,19,21,49,64,43,79,99,5,19,26,12,49,10,1,3,2,0,0,0,0,0,2,14,-1,-1,-1,22,1,1,5,0,1,1,0,0,15,20
43,80,r雨,しぐれ,2,0,243,20,100,100,0,16,32,20,10,29,24,69,9,39,6,19,21,49,64,43,79,99,5,19,26,10,49,10,1,2,2,0,0,0,0,0,2,-1,-1,-1,-1,22,1,1,5,0,0,1,0,0,15,20
44,81,村雨,むらさめ,2,0,244,20,100,100,0,16,32,20,10,29,24,69,9,39,6,19,21,49,64,43,79,99,5,19,26,10,49,10,1,2,2,0,0,0,0,0,2,-1,-1,-1,-1,22,1,1,5,0,0,1,0,0,15,20
45,82,夕立,ゆうだち,2,0,245,20,100,100,0,16,32,20,10,29,24,69,9,39,6,19,21,49,64,43,79,99,5,19,26,10,49,10,1,2,2,0,0,0,0,0,2,-1,-1,-1,-1,22,1,1,5,0,0,1,0,0,15,20
46,83,五月雨,さみだれ,2,0,246,20,100,100,0,16,32,20,10,29,24,69,9,39,6,19,21,49,64,43,79,99,5,19,26,10,49,10,1,2,2,0,0,0,0,0,2,-1,-1,-1,-1,22,1,1,5,0,0,1,0,0,15,20
47,84,鲲L,すずかぜ,2,0,247,20,100,100,0,16,32,20,10,29,24,79,9,39,6,19,21,49,64,43,79,99,5,19,26,12,49,10,1,3,2,0,0,0,0,0,2,14,-1,-1,-1,22,1,1,5,0,1,1,0,0,15,20
48,89,霰,あられ,2,0,252,20,100,100,0,16,33,20,10,29,24,69,9,39,6,19,21,49,64,43,79,99,5,19,26,10,49,10,1,1,2,0,0,0,0,0,2,-1,-1,-1,-1,22,1,1,5,0,0,1,0,1,15,20
49,90,霞,かすみ,2,0,253,20,100,100,0,16,33,20,10,29,24,69,9,39,6,19,21,49,64,43,79,99,5,19,26,15,59,10,1,2,2,0,0,0,0,0,2,-1,-1,-1,-1,22,1,1,5,0,0,1,0,1,15,20
50,10,uL,しまかぜ,2,0,229,20,120,100,0,19,39,23,12,29,45,89,14,49,8,29,24,49,63,50,99,126,7,19,25,10,49,10,1,6,2,0,0,0,0,0,2,14,-1,-1,-1,30,1,1,5,0,0,2,1,1,20,25
51,28,天,てんりゅう,3,0,213,20,150,200,0,23,35,27,11,39,18,59,8,39,7,29,18,59,82,35,69,88,7,19,25,17,49,10,2,3,2,0,0,0,0,0,4,37,-1,-1,-1,60,1,1,8,0,0,1,0,1,25,20
52,29,田,たつた,3,0,214,20,150,200,0,23,35,27,11,39,18,59,8,39,7,29,18,59,82,35,69,88,7,19,25,17,49,10,2,3,2,0,0,0,0,0,4,37,-1,-1,-1,60,1,1,8,0,0,1,0,1,25,20
53,44,名取,なとり,3,0,221,20,200,200,0,26,39,30,14,39,24,79,13,49,10,29,20,59,81,37,69,87,8,39,56,10,49,10,2,2,2,1,1,0,0,0,4,-1,-1,-1,-1,60,2,2,10,0,0,1,0,1,25,25
54,46,川内,せんだい,3,0,222,20,200,200,0,26,39,30,14,49,24,89,13,59,11,29,20,69,96,38,79,102,8,39,56,12,49,10,2,4,2,1,1,0,0,0,4,25,-1,-1,-1,60,2,2,10,0,0,1,0,2,25,25
55,47,神通,じんつう,3,0,223,20,200,200,0,26,39,30,14,39,24,79,13,49,11,29,20,69,96,38,69,86,8,39,56,10,49,10,2,1,2,1,1,0,0,0,4,-1,-1,-1,-1,60,2,2,10,0,0,1,0,1,25,25
56,48,那珂,なか,3,0,224,20,200,200,0,26,39,30,14,39,24,79,13,49,11,29,24,69,94,38,69,86,8,39,56,10,49,10,2,2,2,1,1,0,0,0,4,-1,-1,-1,-1,60,2,2,10,0,0,1,0,1,25,25
57,97,大井改,おおい,4,24,118,50,400,770,0,32,49,37,8,39,80,99,13,39,12,39,25,59,78,37,77,99,8,39,56,10,49,10,2,6,2,0,0,0,0,0,15,15,-1,-1,-1,75,2,6,9,0,0,4,0,1,25,50
58,98,北上改,きたかみ,4,25,119,50,400,770,0,32,49,37,8,39,80,99,13,39,12,39,25,59,78,37,77,99,8,39,56,15,69,10,2,6,2,0,0,0,0,0,15,15,-1,-1,-1,75,2,6,9,0,0,4,0,1,25,50
59,52,古,ふるたか,5,0,262,25,250,300,0,36,49,41,30,54,12,59,16,59,25,34,0,0,0,33,69,89,10,39,55,10,49,10,2,3,3,2,2,2,0,0,6,37,-1,-1,-1,60,2,2,10,1,2,1,0,2,35,50
60,53,加古,かこ,5,0,263,25,250,300,0,36,49,41,30,49,12,49,16,49,25,34,0,0,0,33,59,73,10,39,55,10,49,10,2,1,3,2,2,2,0,0,6,-1,-1,-1,-1,60,2,2,10,1,2,1,0,2,35,50
61,54,青~,あおば,5,0,264,25,250,300,0,37,49,42,30,54,12,59,16,59,26,37,0,0,0,33,69,89,11,39,54,20,69,10,2,3,3,2,2,2,0,0,6,37,-1,-1,-1,60,2,2,10,1,2,1,0,2,35,50
62,55,妙高,みょうこう,5,0,265,25,300,450,0,44,60,50,40,59,24,59,16,64,32,49,0,0,0,34,69,88,12,39,54,10,49,10,2,4,3,2,2,2,0,0,6,25,-1,-1,-1,80,2,2,12,1,2,1,0,2,40,65
63,56,那智,なち,5,0,266,25,300,450,0,44,56,50,40,54,24,49,16,54,32,49,0,0,0,34,59,73,12,39,54,10,49,10,2,1,3,2,2,2,0,0,6,-1,-1,-1,-1,80,2,2,12,1,2,1,0,2,40,65
64,57,足柄,あしがら,5,0,267,25,300,450,0,44,56,50,40,54,24,49,16,54,32,49,0,0,0,34,59,73,12,39,54,10,49,10,2,2,3,2,2,2,0,0,6,-1,-1,-1,-1,80,2,2,12,1,2,1,0,2,40,65
65,58,羽\,はぐろ,5,0,268,25,300,450,0,44,56,50,40,54,24,49,16,54,32,49,0,0,0,34,59,73,12,39,54,10,49,10,2,1,3,2,2,2,0,0,6,-1,-1,-1,-1,80,2,2,12,1,2,1,0,2,40,65
66,59,高雄,たかお,5,0,269,25,300,450,0,45,60,51,40,59,24,59,18,66,35,49,0,0,0,35,69,88,13,39,53,10,49,10,2,4,3,2,2,2,0,0,6,25,-1,-1,-1,85,2,2,12,1,2,1,0,2,40,65
67,60,坼,あたご,5,0,270,25,300,450,0,45,60,51,40,54,24,59,18,56,35,49,0,0,0,35,59,72,13,39,53,10,49,10,2,4,3,2,2,2,0,0,6,25,-1,-1,-1,85,2,2,12,1,2,1,0,2,40,65
68,61,摩耶,まや,5,0,271,18,250,300,0,45,57,51,40,54,24,49,18,56,35,49,0,0,0,35,59,72,13,39,53,10,49,10,2,1,3,2,2,2,0,0,6,-1,-1,-1,-1,85,2,2,12,1,2,1,0,2,40,65
69,62,B海,ちょうかい,5,0,272,25,300,450,0,45,57,51,40,54,24,49,18,56,35,49,0,0,0,35,59,72,13,39,53,10,49,10,2,1,3,2,2,2,0,0,6,-1,-1,-1,-1,85,2,2,12,1,2,1,0,2,40,65
70,51,最上,もがみ,5,0,73,10,210,70,0,41,59,47,40,59,18,69,20,59,31,59,0,0,0,35,69,88,14,39,53,10,49,10,2,4,3,2,2,2,0,0,5,25,-1,-1,-1,90,2,3,12,1,2,1,0,2,40,65
71,63,利根,とね,5,0,273,25,300,450,0,44,62,50,32,59,24,59,20,67,36,59,0,0,0,36,69,87,20,59,81,10,49,10,2,4,3,3,3,3,0,0,6,25,-1,-1,-1,90,2,2,13,2,2,1,1,2,45,60
72,64,筑摩,ちくま,5,0,274,25,300,450,0,44,62,50,32,59,24,59,20,67,36,59,0,0,0,36,69,87,20,59,81,10,49,10,2,4,3,3,3,3,0,0,6,25,-1,-1,-1,90,2,2,13,2,2,1,1,2,45,60
73,101,最上改,もがみ,6,70,0,0,0,0,0,50,67,57,24,75,18,69,20,64,37,71,0,0,0,35,69,88,22,59,79,10,69,10,2,6,4,5,6,5,11,0,6,26,25,-1,-1,100,2,2,13,4,2,1,3,2,50,55
74,94,祥P,しょうほう,7,0,282,25,380,210,0,32,55,37,0,19,0,0,14,29,19,39,0,0,0,28,49,60,34,69,88,10,49,10,1,4,3,18,9,3,0,0,23,16,-1,-1,-1,160,2,2,13,4,0,0,2,2,35,35
75,65,w,ひよう,7,0,283,25,500,250,0,40,64,46,0,19,0,0,21,59,21,39,0,0,0,28,54,68,38,59,70,10,49,5,1,4,4,12,18,18,10,0,19,23,16,-1,-1,180,6,6,20,6,0,0,3,2,40,40
76,30,J,りゅうじょう,7,0,281,25,400,220,0,31,54,36,0,19,0,0,16,29,17,39,0,0,0,27,44,53,34,69,88,10,49,10,1,4,3,9,24,5,0,0,19,16,-1,-1,-1,170,2,2,14,4,0,0,2,2,35,35
77,3,伊,いせ,9,0,82,10,500,150,0,74,89,82,74,89,0,0,28,79,70,89,0,0,0,22,49,64,10,36,50,15,69,5,3,5,4,3,3,3,3,0,7,4,25,-1,-1,270,9,18,37,3,4,0,1,4,85,120
78,21,金,こんごう,8,0,209,25,400,600,0,63,79,70,63,89,0,0,24,69,52,69,0,0,0,30,59,75,13,39,53,12,49,10,3,5,3,3,3,3,0,0,7,11,37,-1,-1,240,10,14,33,3,3,0,1,3,80,110
79,23,榛名,はるな,8,0,211,25,400,600,0,63,79,70,63,89,0,0,24,69,52,69,0,0,0,30,59,75,13,39,53,15,69,10,3,5,3,3,3,3,0,0,7,11,37,-1,-1,240,10,14,33,3,3,0,1,3,80,110
80,1,LT,ながと,9,0,275,30,800,900,0,80,94,88,82,99,0,0,31,89,75,89,0,0,0,24,49,63,12,39,54,20,79,5,3,7,4,3,3,3,3,0,8,4,25,-1,-1,300,10,20,40,3,5,0,1,4,100,130
81,2,奥,むつ,9,0,276,30,800,900,0,80,94,88,82,99,0,0,31,89,75,89,0,0,0,24,49,63,12,39,54,3,39,5,3,7,4,3,3,3,3,0,8,4,25,-1,-1,300,10,20,40,3,5,0,1,4,100,130
82,102,伊莞,いせ,10,77,0,0,0,0,0,77,89,85,63,83,0,0,45,92,74,92,0,0,0,36,77,100,20,60,82,30,79,5,3,6,4,11,11,11,14,0,7,26,-1,-1,-1,270,10,15,36,3,4,0,3,4,95,105
83,6,赤城,あかぎ,11,0,277,30,700,300,0,69,79,76,0,39,0,0,32,69,28,54,0,0,0,28,49,60,44,69,83,12,49,10,1,6,4,18,18,27,10,0,20,23,16,-1,-1,270,8,12,30,7,0,0,5,3,60,55
84,7,加R,かが,11,0,278,30,750,300,0,71,89,79,0,39,0,0,28,69,29,59,0,0,0,27,49,61,40,69,85,10,49,10,1,5,4,18,18,45,12,0,20,23,16,-1,-1,260,8,14,32,9,0,0,5,3,60,55
85,24,Fu,きりしま,8,0,212,25,400,600,0,63,79,70,63,89,0,0,24,69,52,69,0,0,0,30,59,75,13,39,53,10,49,10,3,5,3,3,3,3,0,0,7,11,37,-1,-1,240,10,14,33,3,3,0,1,3,80,110
86,22,比,ひえい,8,0,210,25,400,600,0,63,79,70,63,89,0,0,24,69,52,69,0,0,0,30,59,75,13,39,53,10,49,10,3,5,3,3,3,3,0,0,7,11,37,-1,-1,240,10,14,33,3,3,0,1,3,80,110
87,4,日向,ひゅうが,9,0,88,10,500,150,0,74,89,82,74,94,0,0,28,79,70,89,0,0,0,22,49,64,10,36,50,15,69,5,3,5,4,3,3,3,3,0,7,4,25,-1,-1,270,9,18,37,3,4,0,1,4,85,120
88,103,日向改,ひゅうが,10,87,0,0,0,0,0,77,89,85,63,83,0,0,45,92,74,92,0,0,0,36,77,100,20,60,82,30,79,5,3,6,4,11,11,11,14,0,7,26,-1,-1,-1,270,10,15,36,3,4,0,3,4,95,105
89,25,P翔,ほうしょう,7,0,285,25,350,150,0,30,49,35,0,19,0,0,10,29,15,39,0,0,0,24,39,47,32,69,89,20,69,5,1,3,2,8,11,0,0,0,23,-1,-1,-1,-1,120,2,1,12,2,0,0,1,2,25,25
90,8,n,そうりゅう,11,0,279,30,650,300,0,50,79,57,0,29,0,0,26,69,27,49,0,0,0,33,59,73,42,69,84,10,49,10,1,5,4,12,27,18,7,0,20,23,16,-1,-1,250,7,10,26,6,0,0,4,3,50,50
91,9,w,ひりゅう,11,0,280,30,650,300,0,50,79,57,0,29,0,0,26,69,27,49,0,0,0,37,69,87,42,69,84,35,89,10,1,6,4,12,27,18,7,0,20,23,16,-1,-1,250,7,10,26,6,0,0,4,3,50,50
92,66,隼,じゅんよう,7,0,284,25,500,250,0,40,64,46,0,19,0,0,21,59,21,39,0,0,0,28,54,68,38,59,70,20,79,5,1,4,4,12,18,18,10,0,19,23,16,-1,-1,180,6,6,20,6,0,0,3,2,40,40
93,67,V,おぼろ,2,0,230,20,100,100,0,15,29,19,10,29,27,69,12,39,5,19,20,49,65,41,79,100,5,19,26,10,49,10,1,1,2,0,0,0,0,0,2,-1,-1,-1,-1,20,1,1,5,0,0,1,0,0,15,20
94,69,i,さざなみ,2,0,232,20,100,100,0,15,29,19,10,29,27,69,12,39,5,19,20,49,65,41,79,100,5,19,26,10,49,10,1,2,2,0,0,0,0,0,2,-1,-1,-1,-1,20,1,1,5,0,0,1,0,0,15,20
95,85,朝潮,あさしお,2,0,248,20,100,100,0,16,33,20,10,29,24,79,12,39,6,19,21,49,64,43,79,99,5,19,26,12,49,10,1,3,2,0,0,0,0,0,2,14,-1,-1,-1,22,1,1,5,0,1,1,0,0,15,20
96,86,大潮,おおしお,2,0,249,20,100,100,0,16,33,20,10,29,24,69,9,39,6,19,21,49,64,43,79,99,5,19,26,10,49,10,1,1,2,0,0,0,0,0,2,-1,-1,-1,-1,22,1,1,5,0,0,1,0,1,15,20
97,87,撼,みちしお,2,0,250,20,100,100,0,16,33,20,10,29,24,69,9,39,6,19,21,49,64,43,79,99,5,19,26,10,49,10,1,1,2,0,0,0,0,0,2,-1,-1,-1,-1,22,1,1,5,0,0,1,0,1,15,20
98,88,荒潮,あらしお,2,0,251,20,100,100,0,16,33,20,10,29,24,69,9,39,6,19,21,49,64,43,79,99,5,19,26,10,49,10,1,1,2,0,0,0,0,0,2,-1,-1,-1,-1,22,1,1,5,0,0,1,0,1,15,20
99,39,球磨,くま,3,0,215,20,200,200,0,25,39,29,14,49,24,89,13,59,10,29,19,59,81,36,79,103,8,39,56,12,49,10,2,4,2,1,1,0,0,0,4,25,-1,-1,-1,60,2,2,10,0,0,1,0,2,25,25
100,40,多摩,たま,3,0,216,20,200,200,0,25,39,29,14,39,24,79,13,49,10,29,19,59,81,36,69,87,8,39,56,10,49,10,2,2,2,1,1,0,0,0,4,-1,-1,-1,-1,60,2,2,10,0,0,1,0,1,25,25
101,41,木曾,きそ,3,0,217,20,200,200,0,25,39,29,14,39,24,79,13,49,10,29,19,59,81,36,69,87,8,39,56,10,49,10,2,1,2,1,1,0,0,0,4,-1,-1,-1,-1,60,2,2,10,0,0,1,0,1,25,25
102,49,千r,ちとせ,16,0,104,10,70,40,0,40,59,46,9,29,0,0,14,29,18,39,0,0,0,20,39,49,34,69,88,10,49,10,1,2,2,12,12,0,0,0,10,25,-1,-1,-1,140,3,1,13,4,0,0,1,2,35,35
103,50,千代田,ちよだ,16,0,105,10,70,40,0,40,59,46,9,29,0,0,14,29,18,39,0,0,0,20,39,49,34,69,88,10,49,10,1,1,2,12,12,0,0,0,10,25,-1,-1,-1,140,3,1,13,4,0,0,1,2,35,35
104,95,千r改,ちとせ,16,102,106,12,70,80,0,41,59,47,9,29,0,29,15,29,20,39,0,0,0,25,44,54,36,69,87,10,49,10,1,3,3,12,6,6,0,0,25,26,2,-1,-1,150,3,1,14,4,0,0,2,2,35,40
105,96,千代田改,ちよだ,16,103,107,12,70,80,0,41,59,47,9,29,0,29,15,29,20,39,0,0,0,25,44,54,36,69,87,10,49,10,1,3,3,12,6,6,0,0,25,26,2,-1,-1,150,3,1,14,4,0,0,2,2,35,40
106,99,千r甲,ちとせ,16,104,108,15,100,60,0,42,59,48,9,29,15,72,17,39,21,39,0,0,0,27,49,61,30,69,91,10,59,10,1,3,3,12,6,6,0,0,25,41,41,-1,-1,160,3,3,15,3,0,2,1,2,35,45
107,100,千代田甲,ちよだ,16,105,109,15,100,60,0,42,59,48,9,29,15,72,17,39,21,39,0,0,0,27,49,61,30,69,91,10,59,10,1,3,3,12,6,6,0,0,25,41,41,-1,-1,160,3,3,15,3,0,2,1,2,35,45
108,104,千r航,ちとせ,7,106,291,35,550,250,0,47,59,53,0,19,0,0,20,49,25,39,0,0,0,37,67,83,36,69,87,10,59,10,1,4,3,21,9,6,0,0,20,16,-1,-1,-1,190,5,5,17,4,0,0,3,2,40,40
109,105,千代田航,ちよだ,7,107,292,35,550,250,0,47,59,53,0,19,0,0,20,49,25,39,0,0,0,37,67,83,36,69,87,10,59,10,1,4,3,21,9,6,0,0,20,16,-1,-1,-1,190,5,5,17,4,0,0,3,2,40,40
110,106,翔Q,しょうかく,11,0,288,30,750,350,0,62,79,69,0,39,0,0,29,69,33,49,0,0,0,36,59,72,44,69,83,10,49,10,1,5,4,21,21,21,12,0,20,23,16,-1,-1,360,7,10,30,10,0,0,4,3,55,55
111,107,瑞Q,ずいかく,11,0,112,25,750,350,0,62,79,69,0,39,0,0,29,69,33,49,0,0,0,39,69,85,44,69,83,40,89,10,1,6,4,21,21,21,12,0,20,23,16,-1,-1,360,7,10,30,10,0,0,4,3,55,55
112,108,瑞Q改,ずいかく,11,111,462,77,3700,1200,1,75,90,83,0,39,0,0,40,79,42,72,0,0,0,42,79,99,48,89,112,42,89,10,1,7,4,24,24,24,12,0,21,24,51,-1,-1,360,7,10,30,10,0,0,4,3,65,70
113,109,鬼怒,きぬ,3,0,289,17,200,200,0,26,39,30,14,39,24,79,13,49,10,29,20,59,81,38,69,86,8,39,56,12,49,10,2,4,2,1,1,0,0,0,4,-1,-1,-1,-1,75,2,2,10,0,0,1,0,1,25,25
114,110,阿武隈,あぶくま,3,0,290,17,200,200,0,27,39,31,14,39,24,79,13,49,10,29,20,59,81,39,69,85,8,39,56,12,49,10,2,5,2,1,1,0,0,0,4,-1,-1,-1,-1,75,2,2,10,0,0,1,0,1,25,25
115,111,夕,ゆうばり,3,0,293,25,280,240,0,19,33,23,17,42,20,69,10,42,10,29,13,39,53,42,69,84,6,39,57,12,49,10,2,5,3,0,0,0,0,0,4,4,-1,-1,-1,82,2,2,7,0,1,1,1,1,20,30
116,112,瑞P,ずいほう,7,0,117,25,380,210,0,32,55,37,0,19,0,0,14,29,19,39,0,0,0,29,49,60,34,69,88,30,79,10,1,5,3,18,9,3,0,0,23,16,-1,-1,-1,160,2,2,13,4,0,0,2,2,35,35
117,113,瑞P改,ずいほう,7,116,0,0,0,0,0,45,69,51,0,29,0,0,18,39,25,59,0,0,0,29,59,75,35,79,103,40,89,10,1,6,4,18,12,12,6,0,21,24,17,-1,-1,160,4,6,20,6,0,0,3,2,40,40
118,114,大井改二,おおい,4,57,0,0,0,0,0,43,59,49,17,63,90,139,15,49,23,63,27,79,108,43,83,105,9,43,62,13,49,10,2,7,3,0,0,0,0,0,10,58,30,-1,-1,75,2,9,9,0,1,5,0,1,25,75
119,115,北上改二,きたかみ,4,58,0,0,0,0,0,43,59,49,17,63,90,139,15,49,23,63,27,79,108,43,83,105,9,43,62,30,79,10,2,7,3,0,0,0,0,0,10,58,30,-1,-1,75,2,6,9,0,1,5,0,1,25,75
120,116,三隈,みくま,5,0,121,30,270,110,0,40,59,46,40,59,18,69,18,59,30,59,0,0,0,31,62,79,14,39,53,5,49,10,2,5,3,2,2,2,0,0,6,25,-1,-1,-1,90,2,3,12,1,2,1,0,2,40,65
121,117,三隈改,みくま,6,120,0,0,0,0,0,50,67,57,24,76,18,69,20,59,37,71,0,0,0,34,69,88,22,59,79,10,69,10,2,6,4,5,6,5,8,0,50,30,26,-1,-1,100,2,2,13,4,2,1,3,2,50,55
122,119,舞L,まいかぜ,2,0,294,20,100,100,0,16,34,20,10,29,24,69,9,39,6,19,24,49,63,45,79,98,6,19,26,10,49,10,1,4,2,0,0,0,0,0,2,39,-1,-1,-1,24,1,1,6,0,0,1,0,1,15,20
123,120,衣笠,きぬがさ,5,0,295,25,250,300,0,37,49,42,30,54,12,59,16,59,26,37,0,0,0,33,69,89,11,39,54,20,69,10,2,4,3,2,2,2,0,0,6,37,-1,-1,-1,60,2,2,10,1,2,1,0,2,35,50
124,124,谷,すずや,5,0,129,35,270,110,0,40,59,46,40,59,18,69,18,59,30,59,0,0,0,31,62,79,14,39,53,5,49,10,2,4,3,2,2,2,0,0,6,25,-1,-1,-1,90,2,3,12,1,2,1,0,2,40,65
125,125,熊野,くまの,5,0,130,35,270,110,0,40,59,46,40,59,18,69,18,59,30,59,0,0,0,31,62,79,14,39,53,5,49,10,2,4,3,2,2,2,0,0,6,25,-1,-1,-1,90,2,3,12,1,2,1,0,2,40,65
126,126,伊168,い168,13,0,398,50,130,200,0,10,17,14,2,7,24,59,0,0,3,17,0,0,0,15,39,52,9,29,40,10,49,5,1,3,1,0,0,0,0,0,-1,-1,-1,-1,-1,22,1,2,2,1,0,2,0,0,10,20
127,127,伊58,い58,13,0,399,50,140,200,0,14,19,18,2,9,30,69,0,0,4,19,0,0,0,13,36,49,10,39,55,40,79,5,1,4,1,0,0,0,0,0,-1,-1,-1,-1,-1,22,1,2,2,1,0,2,0,0,10,20
128,128,伊8,い8,13,0,400,50,150,200,0,15,19,19,2,9,30,69,0,0,4,19,0,0,0,14,37,50,12,39,54,20,59,5,1,5,1,0,0,0,0,0,-1,-1,-1,-1,-1,22,1,2,2,1,0,2,0,0,10,20
129,129,谷改,すずや,6,124,0,0,0,0,0,50,67,57,24,75,18,69,20,59,37,72,0,0,0,34,69,88,22,59,79,10,69,10,2,5,4,5,6,5,6,0,6,30,26,-1,-1,100,2,2,13,4,2,1,3,2,50,55
130,130,熊野改,くまの,6,125,0,0,0,0,0,50,67,57,24,75,18,69,20,59,37,72,0,0,0,34,69,88,22,59,79,10,69,10,2,5,4,5,6,5,6,0,6,28,26,-1,-1,100,2,2,13,4,2,1,3,2,50,55
131,131,大和,やまと,9,0,136,60,3000,2500,0,93,98,98,96,129,0,0,50,94,88,108,0,0,0,27,59,77,15,39,52,12,79,5,4,8,4,7,7,7,7,0,9,12,59,-1,-1,480,35,50,100,10,7,0,2,5,250,300
132,132,秋,あきぐも,2,0,301,30,110,120,0,16,34,20,10,29,24,69,9,39,6,19,24,49,63,45,79,98,6,19,26,14,49,10,1,4,2,0,0,0,0,0,2,39,-1,-1,-1,24,1,1,6,0,0,1,0,1,15,20
133,133,夕,ゆうぐも,2,0,302,30,110,130,0,16,34,20,10,30,24,69,9,39,6,19,27,52,66,47,80,98,6,19,26,12,49,10,1,4,2,0,0,0,0,0,2,39,-1,-1,-1,24,1,1,6,0,0,1,0,1,15,20
134,134,,まきぐも,2,0,303,30,110,120,0,16,34,20,10,30,24,69,9,39,6,19,27,52,66,47,80,98,6,19,26,11,49,10,1,4,2,0,0,0,0,0,2,39,-1,-1,-1,24,1,1,6,0,0,1,0,1,15,20
135,135,L波,ながなみ,2,0,304,30,110,130,0,16,34,20,10,30,24,69,9,39,6,19,27,52,66,47,80,98,6,19,26,13,49,10,1,4,2,0,0,0,0,0,2,39,-1,-1,-1,24,1,1,6,0,0,1,0,1,15,20
136,136,大和改,やまと,9,131,0,0,0,0,0,96,108,105,92,139,0,0,68,104,92,118,0,0,0,28,64,84,17,39,51,13,79,5,4,8,4,7,7,7,7,0,9,10,28,-1,-1,480,35,50,110,20,6,0,3,6,250,325
137,137,阿R野,あがの,3,0,305,35,300,220,0,30,45,35,20,42,24,72,17,60,17,32,25,70,95,37,72,91,12,45,63,10,49,10,2,5,3,2,2,2,0,0,65,66,-1,-1,-1,60,3,4,13,1,1,1,1,2,30,35
138,138,能代,のしろ,3,0,306,35,300,220,0,30,45,35,20,42,24,72,17,60,17,32,25,70,95,37,72,91,12,45,63,10,49,10,2,5,3,2,2,2,0,0,65,66,-1,-1,-1,60,3,4,13,1,1,1,1,2,30,35
139,139,矢矧,やはぎ,3,0,307,35,300,220,0,31,45,36,20,42,24,72,17,63,17,33,25,70,95,38,72,91,13,45,63,13,59,10,2,6,3,2,2,2,0,0,65,66,-1,-1,-1,60,3,4,13,1,1,1,1,2,30,35
140,140,酒,さかわ,3,0,314,35,300,220,0,31,45,36,19,41,23,71,17,62,17,32,27,72,97,36,72,92,12,45,63,20,49,10,2,5,3,2,2,2,0,0,65,66,-1,-1,-1,60,3,4,13,1,1,1,1,2,30,35
141,141,五十改二,いすず,3,219,0,0,0,0,0,44,59,50,18,59,24,79,45,84,30,69,54,94,116,42,79,99,15,59,83,13,67,10,1,5,3,0,0,0,0,0,28,30,45,-1,-1,60,2,2,10,0,1,2,4,2,25,30
142,142,衣笠改二,きぬがさ,5,295,0,0,0,0,0,53,65,60,38,78,24,74,22,66,35,73,0,0,0,38,79,102,13,54,77,13,65,10,2,6,4,2,2,2,2,0,50,15,-1,-1,-1,60,3,7,16,1,2,1,1,2,35,65
143,143,武i,むさし,9,0,148,40,3000,2500,0,94,98,98,96,129,0,0,50,94,88,108,0,0,0,27,59,77,16,40,53,10,79,5,4,7,4,7,7,7,7,0,9,12,59,-1,-1,480,35,50,100,10,7,0,2,5,250,300
144,144,夕立改二,ゆうだち,2,245,0,0,0,0,0,31,58,36,17,73,37,93,16,59,14,52,28,69,92,46,89,113,12,49,69,20,59,10,1,6,3,0,0,0,0,0,63,15,-1,-1,-1,22,1,2,10,0,2,2,1,1,15,20
145,145,r雨改二,しぐれ,2,243,0,0,0,0,0,31,49,36,13,59,28,84,24,72,14,52,30,69,91,62,93,110,9,43,62,50,79,10,1,6,3,0,0,0,0,0,28,27,-1,-1,-1,22,1,2,10,0,2,2,1,1,15,20
146,146,木曾改二,きそ,4,217,0,0,0,0,0,44,59,50,18,64,80,110,24,72,24,65,32,82,110,45,84,106,13,49,69,13,69,10,2,6,3,0,0,0,0,0,58,27,40,-1,-1,75,2,6,9,0,1,5,0,1,25,50
147,147,Верный,ひびき,2,235,0,0,0,0,0,37,49,42,13,54,30,89,18,59,15,57,30,74,98,47,89,112,10,44,63,20,77,10,1,6,3,0,0,0,0,0,-1,-1,-1,-1,-1,20,1,3,11,0,1,2,1,1,15,25
148,148,武i改,むさし,9,143,0,0,0,0,0,97,108,106,92,139,0,0,60,99,92,119,0,0,0,27,63,83,18,40,52,9,79,5,4,7,4,7,7,7,7,0,9,10,28,-1,-1,480,35,50,110,20,6,0,3,6,250,325
149,149,金改二,こんごう,8,209,0,0,0,0,0,82,99,90,76,98,0,0,30,84,70,94,0,0,0,37,72,91,16,49,67,15,79,10,3,7,4,3,3,3,3,0,8,30,28,-1,-1,240,10,14,33,3,4,0,2,4,100,125
150,150,比备亩,ひえい,8,210,0,0,0,0,0,83,99,91,76,98,0,0,30,82,72,95,0,0,0,36,72,92,16,49,67,13,79,10,3,7,4,3,3,3,3,0,8,30,35,-1,-1,240,10,14,33,3,4,0,2,4,100,125
151,151,榛名改二,はるな,8,211,0,0,0,0,0,81,99,89,75,96,0,0,41,92,70,93,0,0,0,39,74,93,17,49,67,41,89,10,3,7,4,3,3,3,3,0,104,104,35,27,-1,240,10,14,33,3,4,0,2,4,100,125
152,152,Fu改二,きりしま,8,212,0,0,0,0,0,82,99,90,78,104,0,0,30,82,70,92,0,0,0,34,72,93,15,49,68,14,79,10,3,7,4,3,3,3,3,0,8,74,30,-1,-1,240,10,14,33,3,4,0,2,4,100,125
153,153,大P,たいほう,18,0,156,40,900,450,0,67,87,74,0,49,0,0,42,79,40,79,0,0,0,33,57,70,47,74,89,2,19,10,1,7,4,18,18,18,7,0,60,24,17,-1,-1,400,8,15,36,12,0,0,5,5,70,65
154,154,香取,かとり,21,0,343,35,400,120,0,36,48,41,14,28,12,28,14,42,9,27,12,42,58,24,49,63,10,38,53,10,49,5,2,4,3,1,1,1,0,0,119,10,39,-1,-1,70,3,1,10,0,0,1,0,1,30,15
155,155,伊401,い401,14,0,403,35,300,100,0,20,24,24,2,9,36,72,0,0,5,24,0,0,0,13,35,47,15,45,61,20,59,5,1,6,1,3,0,0,0,0,-1,-1,-1,-1,-1,200,1,2,3,2,0,1,1,1,20,15
156,156,大P改,たいほう,18,153,0,0,0,0,0,70,90,78,0,59,0,0,45,86,44,84,0,0,0,34,59,73,50,77,92,4,39,10,1,7,4,30,24,24,8,0,22,18,71,-1,-1,400,9,16,36,14,0,0,5,5,90,75
157,157,J改二,りゅうじょう,7,281,0,0,0,0,0,50,72,57,0,40,0,0,24,48,28,62,0,0,0,36,69,87,37,79,102,15,59,10,1,6,4,18,28,6,3,0,60,39,61,-1,-1,170,4,12,22,6,0,0,3,3,40,45
158,158,川内改二,せんだい,3,222,0,0,0,0,0,48,64,54,24,67,26,88,20,70,29,69,38,74,94,43,84,107,16,55,77,14,79,10,2,6,3,1,1,1,0,0,101,74,102,-1,-1,60,2,2,10,0,1,1,1,2,25,35
159,159,神通改二,じんつう,3,223,0,0,0,0,0,50,63,57,27,70,38,98,18,68,29,69,40,80,102,41,80,102,12,54,77,13,79,10,2,6,3,1,1,1,0,0,74,15,15,-1,-1,60,2,2,10,0,1,1,1,2,25,35
160,160,那珂改二,なか,3,224,0,0,0,0,0,48,62,54,22,68,28,84,24,72,29,68,48,84,104,42,82,104,15,54,76,13,69,10,2,6,3,1,1,1,0,0,10,15,30,-1,-1,60,2,2,10,0,1,1,1,2,25,35
161,161,あきつ丸,あきつまる,17,0,166,25,200,80,0,38,49,43,6,19,0,0,13,29,13,33,0,0,0,15,39,52,3,13,18,10,39,5,1,5,2,0,0,0,0,0,68,39,-1,-1,-1,150,2,2,12,2,0,0,1,1,40,10
163,163,まるゆ,まるゆ,13,0,402,20,50,20,0,6,9,9,1,3,0,9,0,0,2,9,0,0,0,9,19,24,1,9,13,7,77,5,1,5,0,0,0,0,0,0,-1,-1,-1,-1,-1,17,1,0,1,0,0,0,0,1,10,5
164,164,弥生,やよい,2,0,308,20,100,100,0,13,24,17,6,29,18,49,7,29,5,18,16,39,52,37,69,87,4,17,24,10,49,10,1,4,2,0,0,0,0,0,1,-1,-1,-1,-1,18,1,1,4,0,1,1,0,0,15,15
165,165,卯月,うづき,2,0,309,25,100,100,0,13,24,17,6,29,18,49,7,29,5,18,16,39,52,37,69,87,4,17,24,10,49,10,1,4,2,0,0,0,0,0,1,-1,-1,-1,-1,18,1,1,4,0,0,1,0,0,15,15
166,166,あきつ丸改,あきつまる,17,161,0,0,0,0,0,40,59,46,8,33,0,0,15,37,15,43,0,0,0,17,49,67,13,59,85,13,49,5,1,6,3,8,8,8,0,0,70,69,-1,-1,-1,150,2,2,13,5,1,0,1,1,45,25
167,167,L,いそかぜ,2,0,320,45,140,160,0,16,34,20,10,29,24,69,14,44,6,19,24,49,63,44,79,98,8,19,25,16,54,10,1,5,2,0,0,0,0,0,2,40,-1,-1,-1,24,1,1,6,0,0,1,0,1,15,20
168,168,浦L,うらかぜ,2,0,317,35,110,140,0,16,34,20,10,29,24,69,10,40,6,19,24,49,63,44,79,98,7,19,25,13,49,10,1,4,2,0,0,0,0,0,2,44,-1,-1,-1,24,1,1,6,0,0,1,0,1,15,20
169,169,谷L,たにかぜ,2,0,313,30,100,100,0,16,34,20,10,29,24,69,10,40,6,19,24,49,63,44,79,98,7,19,25,14,49,10,1,4,2,0,0,0,0,0,2,44,-1,-1,-1,24,1,1,6,0,0,1,0,1,15,20
170,170,浜L,はまかぜ,2,0,312,30,100,100,0,16,34,20,10,29,24,69,13,42,6,19,24,49,63,44,79,98,7,19,25,15,49,10,1,4,2,0,0,0,0,0,2,44,-1,-1,-1,24,1,1,6,0,0,1,0,1,15,20
171,171,Bismarck,ビスマルク,8,0,172,30,600,800,0,90,96,96,64,88,0,0,18,48,67,83,0,0,0,33,63,79,16,42,56,8,69,10,3,7,4,4,4,4,4,0,76,77,-1,-1,-1,300,10,16,38,4,3,0,1,3,90,110
172,172,Bismarck改,ビスマルク,8,171,173,50,1200,1600,1,94,99,99,70,93,0,0,24,58,77,93,0,0,0,38,69,86,18,52,71,10,79,10,3,7,4,4,4,4,4,0,76,77,-1,-1,-1,300,12,18,40,4,4,0,1,4,95,115
173,173,Bismarck zwei,ビスマルク,8,172,178,75,1800,2400,1,96,99,99,70,97,0,0,25,62,80,94,0,0,0,38,72,91,18,52,71,20,82,10,3,7,4,4,4,4,4,0,76,85,84,-1,-1,300,12,18,40,4,4,0,2,4,105,135
174,174,Z1,レ`ベレヒト?マ`ス,2,0,310,30,170,150,0,18,29,22,8,26,24,60,12,42,8,22,32,64,82,36,76,98,6,24,34,6,39,10,1,5,3,0,0,0,0,0,78,-1,-1,-1,-1,24,1,1,6,0,1,1,0,0,20,20
175,175,Z3,マックス?シュルツ,2,0,311,30,170,150,0,18,29,22,8,26,24,60,12,42,8,22,32,64,82,36,76,98,6,24,34,6,39,10,1,5,3,0,0,0,0,0,78,-1,-1,-1,-1,24,1,1,6,0,1,1,0,0,20,20
176,176,Prinz Eugen,プリンツ?オイゲン,5,0,177,45,700,600,0,50,72,57,38,56,32,64,16,44,38,64,0,0,0,34,68,87,15,40,54,30,79,10,2,6,3,3,3,3,0,0,123,115,-1,-1,-1,200,2,3,15,2,2,1,0,2,50,70
177,177,Prinz Eugen改,プリンツ?オイゲン,5,176,0,0,0,0,0,63,79,70,48,75,40,84,18,60,48,82,0,0,0,40,74,93,16,50,69,40,89,10,2,7,4,3,3,3,3,0,123,84,124,-1,-1,200,4,8,22,3,3,2,1,3,55,75
178,178,Bismarck drei,ビスマルク,8,173,0,0,0,0,0,96,99,99,74,99,16,36,35,70,82,95,0,0,0,40,74,93,22,59,79,22,84,10,3,7,4,4,4,4,4,0,114,114,85,115,-1,300,12,20,42,4,4,1,2,4,110,155
179,179,Z1 zwei,レ`ベレヒト?マ`ス,2,310,0,0,0,0,0,35,59,40,12,49,27,71,20,64,18,53,37,69,87,43,84,107,9,43,62,15,49,10,1,7,3,0,0,0,0,0,84,78,-1,-1,-1,24,1,1,6,0,1,1,0,0,20,25
180,180,Z3 zwei,マックス?シュルツ,2,311,0,0,0,0,0,35,59,40,10,47,27,71,24,68,18,53,37,69,87,43,84,107,9,43,62,15,49,10,1,7,3,0,0,0,0,0,85,78,-1,-1,-1,24,1,1,6,0,1,1,0,0,20,25
181,181,天津L,あまつかぜ,2,0,316,20,120,100,0,18,37,22,10,29,28,79,22,53,7,25,26,54,69,48,89,112,8,19,25,18,59,10,1,6,3,0,0,0,0,0,2,14,34,-1,-1,30,1,1,6,0,1,1,1,1,20,20
182,182,明石,あかし,19,0,187,35,1500,200,0,39,48,44,4,14,0,0,10,24,7,19,0,0,0,8,29,40,1,5,7,10,39,5,1,6,3,0,0,0,0,0,86,39,-1,-1,-1,220,3,1,15,3,0,0,1,1,50,10
183,183,大淀,おおよど,3,0,321,35,400,320,0,34,47,39,24,48,0,39,18,62,19,34,0,39,61,35,70,89,24,80,111,24,69,10,2,6,3,0,6,6,0,0,5,71,25,-1,-1,80,4,2,14,2,1,0,2,2,35,30
184,184,大L,たいげい?りゅうほう,20,0,185,25,700,450,1,39,55,44,5,15,0,0,16,36,15,37,0,0,0,24,39,47,24,48,61,20,59,5,1,4,3,2,3,3,0,0,10,92,-1,-1,-1,150,2,2,12,2,0,0,1,2,35,10
185,185,P,たいげい?りゅうほう,7,184,318,50,450,550,0,39,57,44,0,20,0,0,24,48,18,38,0,0,0,27,49,61,28,64,84,20,69,5,1,5,3,18,7,6,0,0,20,16,-1,-1,-1,160,2,3,13,4,0,0,2,2,35,35
186,186,r津L,ときつかぜ,2,0,322,30,120,110,0,16,34,20,10,29,24,69,10,40,6,19,24,49,63,44,79,98,7,19,25,13,49,10,1,5,2,0,0,0,0,0,2,14,-1,-1,-1,24,1,1,6,0,0,1,0,1,15,20
187,187,明石改,あかし,19,182,0,0,0,0,0,45,58,51,6,24,0,0,16,36,9,27,0,0,0,10,39,55,2,6,8,12,49,5,1,7,4,0,0,0,0,0,86,10,39,-1,-1,150,3,2,16,3,0,0,1,1,55,15
188,188,利根改二,とね,6,273,0,0,0,0,0,59,72,66,46,77,32,82,32,82,48,79,0,0,0,42,79,99,30,90,123,15,69,10,2,7,4,2,2,9,5,0,50,30,79,-1,-1,90,5,8,18,5,3,1,3,2,50,65
189,189,筑摩改二,ちくま,6,274,0,0,0,0,0,58,72,65,46,77,33,83,33,83,48,79,0,0,0,42,79,99,30,90,123,14,67,10,2,7,4,2,2,9,5,0,50,30,79,-1,-1,90,5,8,18,5,3,1,3,2,50,65
190,118,初L,はつかぜ,2,0,300,20,100,100,0,16,34,20,10,29,24,69,9,39,6,19,24,49,63,45,79,98,6,19,26,10,49,10,1,4,2,0,0,0,0,0,2,39,-1,-1,-1,24,1,1,6,0,0,1,0,1,15,20
191,123,伊19,い19,13,0,401,50,140,200,0,14,19,18,2,9,36,79,0,0,4,18,0,0,0,12,36,49,10,39,55,12,49,5,1,4,1,0,0,0,0,0,-1,-1,-1,-1,-1,22,1,2,2,1,0,2,0,0,10,20
192,192,那智改二,なち,5,266,0,0,0,0,0,56,71,63,50,80,34,84,33,83,48,78,0,0,0,44,83,105,20,60,82,18,70,10,2,6,4,2,2,4,4,0,90,90,15,-1,-1,80,4,7,20,2,3,1,2,2,45,75
193,193,足柄改二,あしがら,5,267,0,0,0,0,0,56,71,63,53,82,34,84,26,74,47,79,0,0,0,44,83,105,17,57,79,20,72,10,2,6,4,2,2,4,4,0,90,90,90,-1,-1,80,4,7,20,2,3,1,2,2,45,75
194,194,羽\改二,はぐろ,5,268,0,0,0,0,0,57,71,64,52,84,34,84,24,72,47,77,0,0,0,45,84,106,18,58,80,19,70,10,2,5,4,2,2,4,4,0,90,90,28,-1,-1,80,4,7,20,2,3,1,2,2,45,75
195,195,c波改二,あやなみ,2,207,0,0,0,0,0,32,54,37,17,70,30,87,16,52,15,54,25,63,84,50,90,112,13,49,69,40,77,10,1,6,3,0,0,0,0,0,63,101,74,-1,-1,20,1,2,10,0,2,2,1,1,15,20
196,196,w改二,ひりゅう,11,280,0,0,0,0,0,67,89,74,0,64,0,0,33,82,37,76,0,0,0,40,82,105,52,89,109,50,92,10,1,8,4,18,36,22,3,0,96,97,93,-1,-1,250,10,14,32,11,0,0,4,5,70,75
197,197,n改二,そうりゅう,11,279,0,0,0,0,0,67,89,74,0,57,0,0,34,84,36,75,0,0,0,36,74,95,55,90,109,15,59,10,1,8,4,18,35,20,6,0,96,99,98,61,-1,250,10,14,32,11,0,0,4,5,70,75
199,199,大潮改二,おおしお,2,249,0,0,0,0,0,31,53,36,17,67,33,90,20,62,14,51,26,64,85,47,90,114,12,54,77,17,69,10,1,6,3,0,0,0,0,0,63,15,68,-1,-1,22,1,2,10,0,2,2,1,1,15,20
200,200,阿武隈改二,あぶくま,3,290,0,0,0,0,0,45,61,51,16,56,34,94,35,78,29,68,48,82,101,45,83,104,16,60,84,20,74,10,1,7,3,1,1,1,0,0,91,106,68,-1,-1,75,2,2,10,0,1,2,2,2,25,35
201,1301,吹雪改,ふぶき,2,9,426,70,230,270,0,30,49,35,12,49,28,79,15,49,13,49,24,59,78,45,89,113,7,39,57,12,49,10,1,4,3,0,0,0,0,0,3,13,-1,-1,-1,20,1,2,10,0,1,1,1,1,15,20
202,1302,白雪改,しらゆき,2,10,0,0,0,0,0,30,49,35,12,49,28,79,15,49,13,49,24,59,78,45,89,113,7,39,57,12,49,10,1,4,3,0,0,0,0,0,3,13,-1,-1,-1,20,1,2,10,0,1,1,1,1,15,20
203,1303,初雪改,はつゆき,2,32,0,0,0,0,0,30,49,35,12,49,28,79,15,49,13,49,24,59,78,45,89,113,7,39,57,12,49,10,1,4,3,0,0,0,0,0,3,13,-1,-1,-1,20,1,2,10,0,1,1,1,1,15,20
204,1304,深雪改,みゆき,2,11,0,0,0,0,0,30,49,35,12,49,28,79,15,49,13,49,24,59,78,45,89,113,7,39,57,12,49,10,1,4,3,0,0,0,0,0,3,13,-1,-1,-1,20,1,2,10,0,1,1,1,1,15,20
205,1305,搽改,むらくも,2,33,420,70,210,250,0,30,49,35,12,49,28,79,15,49,13,49,24,59,78,45,89,113,7,39,57,12,49,10,1,4,3,0,0,0,0,0,3,13,-1,-1,-1,20,1,2,10,0,1,1,1,1,15,20
206,1306,波改,いそなみ,2,12,0,0,0,0,0,30,49,35,12,49,28,79,15,49,13,49,24,59,78,45,89,113,7,39,57,12,49,10,1,4,3,0,0,0,0,0,3,13,-1,-1,-1,20,1,2,10,0,1,1,1,1,15,20
207,1307,c波改,あやなみ,2,13,195,70,200,280,0,30,49,35,12,49,28,79,15,49,13,49,24,59,78,45,89,113,7,39,57,12,49,10,1,4,3,0,0,0,0,0,3,13,-1,-1,-1,20,1,2,10,0,1,1,1,1,15,20
208,1308,敷波改,しきなみ,2,14,0,0,0,0,0,30,49,35,12,49,28,79,15,49,13,49,24,59,78,45,89,113,7,39,57,12,49,10,1,4,3,0,0,0,0,0,3,13,-1,-1,-1,20,1,2,10,0,1,1,1,1,15,20
209,1309,金改,こんごう,8,78,149,75,2400,2400,0,75,89,83,72,94,0,0,28,79,67,89,0,0,0,35,69,88,15,49,68,12,69,10,3,6,4,3,3,3,3,0,8,12,10,-1,-1,240,10,14,33,3,4,0,2,3,90,120
210,1310,比备,ひえい,8,86,150,75,2400,2400,0,75,89,83,72,94,0,0,28,79,67,89,0,0,0,35,69,88,15,49,68,12,69,10,3,6,4,3,3,3,3,0,8,12,10,-1,-1,240,10,14,33,3,4,0,2,3,90,120
211,1311,榛名改,はるな,8,79,151,80,2400,2400,0,75,89,83,72,94,0,0,28,79,67,89,0,0,0,35,69,88,15,49,68,20,69,10,3,6,4,3,3,3,3,0,8,12,10,-1,-1,240,10,14,33,3,4,0,2,3,90,120
212,1312,Fu改,きりしま,8,85,152,75,2400,2400,0,75,89,83,72,94,0,0,28,79,67,89,0,0,0,35,69,88,15,49,68,12,69,10,3,6,4,3,3,3,3,0,8,12,10,-1,-1,240,10,14,33,3,4,0,2,3,90,120
213,1313,天改,てんりゅう,3,51,0,0,0,0,0,40,54,46,20,59,24,79,12,49,28,59,24,69,94,42,79,99,10,49,71,12,59,10,2,4,3,0,0,0,0,0,4,10,15,-1,-1,60,1,1,8,0,1,1,1,2,25,25
214,1314,田改,たつた,3,52,0,0,0,0,0,40,54,46,20,59,24,79,12,49,28,59,24,69,94,42,79,99,10,49,71,12,59,10,2,4,3,0,0,0,0,0,4,10,15,-1,-1,60,1,1,8,0,1,1,1,2,25,25
215,1315,球磨改,くま,3,99,0,0,0,0,0,42,59,48,20,69,24,89,15,69,29,69,24,79,110,40,79,101,10,49,71,12,59,10,2,5,3,1,1,1,0,0,4,15,25,-1,-1,60,2,2,10,0,2,1,1,2,25,30
216,1316,多摩改,たま,3,100,0,0,0,0,0,42,59,48,20,59,24,79,15,59,29,59,24,79,110,40,79,101,10,49,71,12,59,10,2,4,3,1,1,1,0,0,4,15,25,-1,-1,60,2,2,10,0,1,1,1,2,25,30
217,1317,木曾改,きそ,3,101,146,65,400,750,0,42,59,48,20,59,24,79,15,59,29,59,24,79,110,40,79,101,10,49,71,12,59,10,2,4,3,1,1,1,0,0,4,15,25,-1,-1,60,2,2,10,0,1,1,1,2,25,30
218,1318,L良改,ながら,3,21,0,0,0,0,0,43,59,49,20,69,24,89,15,69,29,69,24,79,110,40,79,101,10,49,71,12,59,10,2,5,3,1,1,1,0,0,4,15,25,-1,-1,60,2,2,10,0,2,1,1,2,25,30
219,1319,五十改,いすず,3,22,141,50,270,360,0,37,59,42,18,59,24,79,40,59,29,59,48,79,96,40,79,101,10,49,71,12,59,10,2,4,3,1,1,1,0,0,10,30,15,-1,-1,60,2,2,10,0,1,1,4,2,25,30
220,1320,由良改,ゆら,3,23,0,0,0,0,0,43,59,49,20,59,24,79,15,59,29,59,48,79,96,40,79,101,10,49,71,12,59,10,2,4,3,1,1,1,0,0,4,15,25,-1,-1,60,2,2,10,0,1,1,1,2,25,30
221,1321,名取改,なとり,3,53,0,0,0,0,0,43,59,49,20,69,24,89,15,59,29,59,24,79,110,40,79,101,10,49,71,12,59,10,2,4,3,1,1,1,0,0,4,15,25,-1,-1,60,2,2,10,0,1,1,1,2,25,30
222,1322,川内改,せんだい,3,54,158,60,300,480,0,44,59,50,20,59,24,79,15,69,29,69,24,79,110,40,79,101,10,49,71,12,59,10,2,5,3,1,1,1,0,0,4,15,25,-1,-1,60,2,2,10,0,2,1,1,2,25,30
223,1323,神通改,じんつう,3,55,159,60,300,480,0,44,59,50,20,59,24,79,15,59,29,59,24,79,110,40,79,101,10,49,71,12,59,10,2,4,3,1,1,1,0,0,4,15,25,-1,-1,60,2,2,10,0,1,1,1,2,25,30
224,1324,那珂改,なか,3,56,160,48,480,400,0,44,59,50,20,59,24,79,15,59,29,59,32,79,105,40,79,101,10,49,71,12,59,10,2,4,3,1,1,1,0,0,4,15,25,-1,-1,60,2,2,10,0,1,1,1,2,25,30
225,1325,炎改,かげろう,2,17,0,0,0,0,0,32,49,37,12,49,28,79,16,49,14,49,27,59,77,47,89,112,8,39,56,12,59,10,1,4,3,0,0,0,0,0,3,15,-1,-1,-1,24,1,2,10,0,1,1,1,1,15,20
226,1326,不知火改,しらぬい,2,18,0,0,0,0,0,32,49,37,12,49,28,79,16,49,14,49,27,59,77,47,89,112,8,39,56,12,59,10,1,4,3,0,0,0,0,0,3,15,-1,-1,-1,24,1,2,10,0,1,1,1,1,15,20
227,1327,\潮改,くろしお,2,19,0,0,0,0,0,32,49,37,12,49,28,79,16,49,14,49,27,59,77,47,89,112,8,39,56,12,59,10,1,4,3,0,0,0,0,0,3,15,-1,-1,-1,24,1,2,10,0,1,1,1,1,15,20
228,1328,雪L改,ゆきかぜ,2,20,0,0,0,0,0,32,49,37,12,59,28,89,16,59,14,59,27,59,77,67,99,117,8,39,56,60,99,10,1,6,3,0,0,0,0,0,3,15,-1,-1,-1,24,1,2,10,0,1,1,2,2,15,20
229,1329,uL改,しまかぜ,2,50,0,0,0,0,0,36,59,41,14,59,48,99,16,59,14,59,27,59,77,55,99,123,9,39,55,12,59,10,1,6,3,0,0,0,0,0,3,15,-1,-1,-1,30,1,3,15,0,1,2,1,2,20,25
230,1330,V改,おぼろ,2,93,0,0,0,0,0,30,49,35,12,49,28,79,15,49,13,49,24,59,78,45,89,113,7,39,57,12,59,10,1,4,3,0,0,0,0,0,3,13,-1,-1,-1,20,1,2,10,0,1,1,1,1,15,20
231,1331,曙改,あけぼの,2,15,0,0,0,0,0,30,49,35,12,49,28,79,15,49,13,49,24,59,78,45,89,113,7,39,57,12,59,10,1,4,3,0,0,0,0,0,3,13,-1,-1,-1,20,1,2,10,0,1,1,1,1,15,20
232,1332,i改,さざなみ,2,94,0,0,0,0,0,30,49,35,12,49,28,79,15,49,13,49,24,59,78,45,89,113,7,39,57,12,59,10,1,4,3,0,0,0,0,0,3,13,-1,-1,-1,20,1,2,10,0,1,1,1,1,15,20
233,1333,潮改,うしお,2,16,407,60,170,30,0,30,49,35,12,49,28,79,15,49,13,49,24,59,78,45,89,113,7,39,57,20,79,10,1,4,3,0,0,0,0,0,3,13,-1,-1,-1,20,1,2,10,0,1,1,1,1,15,20
234,1334,改,あかつき,2,34,437,70,190,190,0,30,49,35,12,49,28,79,15,49,13,49,24,59,78,45,89,113,7,39,57,12,59,10,1,4,3,0,0,0,0,0,3,13,-1,-1,-1,20,1,2,10,0,1,1,1,1,15,20
235,1335,改,ひびき,2,35,147,70,240,200,0,30,49,35,12,49,28,79,15,49,13,49,24,59,78,45,89,113,7,39,57,12,59,10,1,4,3,0,0,0,0,0,3,13,-1,-1,-1,20,1,2,10,0,1,1,1,1,15,20
236,1336,雷改,いかづち,2,36,0,0,0,0,0,30,49,35,12,49,28,79,15,49,13,49,24,59,78,45,89,113,7,39,57,12,59,10,1,4,3,0,0,0,0,0,3,13,-1,-1,-1,20,1,2,10,0,1,1,1,1,15,20
237,1337,改,いなづま,2,37,0,0,0,0,0,30,49,35,12,49,28,79,15,49,13,49,24,59,78,45,89,113,7,39,57,12,59,10,1,4,3,0,0,0,0,0,3,13,-1,-1,-1,20,1,2,10,0,1,1,1,1,15,20
238,1338,初春改,はつはる,2,38,326,65,200,200,0,30,48,35,12,49,28,79,15,49,13,49,24,59,78,45,89,113,7,39,57,12,59,10,1,4,3,0,0,0,0,0,3,14,-1,-1,-1,20,1,2,10,0,1,1,1,1,15,20
239,1339,子日改,ねのひ,2,39,0,0,0,0,0,30,48,35,12,49,28,79,15,49,13,49,24,59,78,45,89,113,7,39,57,12,59,10,1,4,3,0,0,0,0,0,3,14,-1,-1,-1,20,1,2,10,0,1,1,1,1,15,20
240,1340,若~改,わかば,2,40,0,0,0,0,0,30,48,35,12,49,28,79,15,49,13,49,24,59,78,45,89,113,7,39,57,12,59,10,1,4,3,0,0,0,0,0,3,14,-1,-1,-1,20,1,2,10,0,1,1,1,1,15,20
241,1341,初霜改,はつしも,2,41,419,70,220,230,0,30,48,35,12,49,28,79,15,49,13,49,24,59,78,45,89,113,7,39,57,12,59,10,1,4,3,0,0,0,0,0,3,14,-1,-1,-1,20,1,2,10,0,1,1,1,1,15,20
242,1342,白露改,しらつゆ,2,42,0,0,0,0,0,30,48,35,12,49,28,79,15,49,14,49,24,59,78,45,89,113,7,39,57,12,59,10,1,4,3,0,0,0,0,0,3,15,-1,-1,-1,22,1,2,10,0,1,1,1,1,15,20
243,1343,r雨改,しぐれ,2,43,145,60,180,200,0,30,48,35,12,49,28,79,15,49,14,49,24,59,78,45,89,113,7,39,57,12,59,10,1,4,3,0,0,0,0,0,3,15,-1,-1,-1,22,1,2,10,0,1,1,1,1,15,20
244,1344,村雨改,むらさめ,2,44,0,0,0,0,0,30,48,35,12,49,28,79,15,49,14,49,24,59,78,45,89,113,7,39,57,12,59,10,1,4,3,0,0,0,0,0,3,15,-1,-1,-1,22,1,2,10,0,1,1,1,1,15,20
245,1345,夕立改,ゆうだち,2,45,144,55,180,200,0,30,48,35,12,49,28,79,15,49,14,49,24,59,78,45,89,113,7,39,57,12,59,10,1,4,3,0,0,0,0,0,3,15,-1,-1,-1,22,1,2,10,0,1,1,1,1,15,20
246,1346,五月雨改,さみだれ,2,46,0,0,0,0,0,30,48,35,12,49,28,79,15,49,14,49,24,59,78,45,89,113,7,39,57,12,59,10,1,4,3,0,0,0,0,0,3,15,-1,-1,-1,22,1,2,10,0,1,1,1,1,15,20
247,1347,鲲L改,すずかぜ,2,47,0,0,0,0,0,30,48,35,12,49,28,79,15,49,14,49,24,59,78,45,89,113,7,39,57,12,59,10,1,4,3,0,0,0,0,0,3,15,-1,-1,-1,22,1,2,10,0,1,1,1,1,15,20
248,1348,朝潮改,あさしお,2,95,0,0,0,0,0,31,49,36,12,49,28,79,16,49,14,49,24,59,78,46,89,113,8,39,56,12,59,10,1,4,3,0,0,0,0,0,3,15,-1,-1,-1,22,1,2,10,0,1,1,1,1,15,20
249,1349,大潮改,おおしお,2,96,199,65,200,270,1,31,49,36,12,49,28,79,16,49,14,49,24,59,78,46,89,113,8,39,56,12,59,10,1,4,3,0,0,0,0,0,3,15,-1,-1,-1,22,1,2,10,0,1,1,1,1,15,20
250,1350,撼备,みちしお,2,97,0,0,0,0,0,31,49,36,12,49,28,79,16,49,14,49,24,59,78,46,89,113,8,39,56,12,59,10,1,4,3,0,0,0,0,0,3,15,-1,-1,-1,22,1,2,10,0,1,1,1,1,15,20
251,1351,荒潮改,あらしお,2,98,0,0,0,0,0,31,49,36,12,49,28,79,16,49,14,49,24,59,78,46,89,113,8,39,56,12,59,10,1,4,3,0,0,0,0,0,3,15,-1,-1,-1,22,1,2,10,0,1,1,1,1,15,20
252,1352,霰改,あられ,2,48,0,0,0,0,0,31,49,36,12,49,28,79,16,49,14,49,24,59,78,46,89,113,8,39,56,12,59,10,1,4,3,0,0,0,0,0,3,15,-1,-1,-1,22,1,2,10,0,1,1,1,1,15,20
253,1353,霞改,かすみ,2,49,464,75,390,300,0,31,49,36,12,49,28,79,16,49,14,49,24,59,78,46,89,113,8,39,56,20,79,10,1,4,3,0,0,0,0,0,3,15,-1,-1,-1,22,1,2,10,0,1,1,1,1,15,20
254,1354,睦月改,むつき,2,1,434,65,170,100,0,24,39,28,9,39,18,69,12,39,11,39,18,59,82,40,89,116,6,39,57,12,59,10,1,4,3,0,0,0,0,0,2,13,-1,-1,-1,18,1,1,4,0,1,1,0,0,15,15
255,1355,如月改,きさらぎ,2,2,435,65,170,100,0,24,39,28,9,39,18,69,12,39,11,39,18,59,82,40,89,116,6,39,57,12,59,10,1,4,3,0,0,0,0,0,2,13,-1,-1,-1,18,1,1,4,0,0,1,0,0,15,15
256,1356,w月改,さつき,2,28,418,75,330,270,0,24,39,28,9,39,18,69,12,39,11,39,18,59,82,40,89,116,6,39,57,12,59,10,1,4,3,0,0,0,0,0,2,13,-1,-1,-1,18,1,1,4,0,0,1,0,0,15,15
257,1357,文月改,ふみづき,2,29,0,0,0,0,0,24,39,28,9,39,18,69,12,39,11,39,18,59,82,40,89,116,6,39,57,12,59,10,1,4,3,0,0,0,0,0,2,14,-1,-1,-1,18,1,1,4,0,0,1,0,0,15,15
258,1358,L月改,ながつき,2,6,0,0,0,0,0,24,39,28,9,39,18,69,12,39,11,39,18,59,82,40,89,116,6,39,57,20,79,10,1,4,3,0,0,0,0,0,2,15,-1,-1,-1,18,1,1,4,0,0,1,0,0,15,15
259,1359,菊月改,きくづき,2,30,0,0,0,0,0,24,39,28,9,39,18,69,12,39,11,39,18,59,82,40,89,116,6,39,57,12,59,10,1,4,3,0,0,0,0,0,2,13,-1,-1,-1,18,1,1,4,0,0,1,0,0,15,15
260,1360,三日月改,みかづき,2,7,0,0,0,0,0,24,39,28,9,39,18,69,12,39,11,39,18,59,82,40,89,116,6,39,57,12,59,10,1,4,3,0,0,0,0,0,2,13,-1,-1,-1,18,1,1,4,0,0,1,0,0,15,15
261,1361,望月改,もちづき,2,31,0,0,0,0,0,24,39,28,9,39,18,69,12,39,11,39,18,59,82,40,89,116,6,39,57,12,59,10,1,4,3,0,0,0,0,0,2,13,-1,-1,-1,18,1,1,4,0,0,1,0,0,15,15
262,1362,古改,ふるたか,5,59,416,65,380,480,0,48,65,54,36,70,18,59,18,59,32,70,0,0,0,38,75,95,12,49,69,10,59,10,2,4,4,2,2,2,2,0,6,10,14,-1,-1,60,3,6,15,1,2,1,1,2,35,55
263,1363,加古改,かこ,5,60,417,65,380,480,0,48,65,54,36,70,18,59,18,59,32,70,0,0,0,38,75,95,12,49,69,10,59,10,2,4,4,2,2,2,2,0,6,10,14,-1,-1,60,3,6,15,1,2,1,1,2,35,55
264,1364,青~改,あおば,5,61,0,0,0,0,0,49,65,55,36,72,18,59,18,59,34,70,0,0,0,38,75,95,12,49,69,30,79,10,2,4,4,2,2,2,2,0,6,39,14,-1,-1,60,3,6,15,1,2,1,1,2,35,55
265,1365,妙高改,みょうこう,5,62,319,70,800,900,0,55,69,62,48,76,24,79,18,69,42,73,0,0,0,39,79,101,14,49,68,10,59,10,2,5,4,2,2,2,2,0,6,15,25,-1,-1,80,4,7,20,2,3,1,1,2,40,70
266,1366,那智改,なち,5,63,192,65,800,900,0,55,69,62,48,76,24,69,18,69,42,73,0,0,0,39,79,101,14,49,68,10,59,10,2,4,4,2,2,2,2,0,6,10,15,-1,-1,80,4,7,20,2,3,1,1,2,40,70
267,1367,足柄改,あしがら,5,64,193,65,800,900,0,55,69,62,48,77,24,69,18,69,42,73,0,0,0,39,79,101,14,49,68,10,59,10,2,4,4,2,2,2,2,0,6,10,15,-1,-1,80,4,7,20,2,3,1,1,2,40,70
268,1368,羽\改,はぐろ,5,65,194,65,800,900,0,55,69,62,48,77,24,69,18,69,42,73,0,0,0,39,79,101,14,49,68,10,59,10,2,4,4,2,2,2,2,0,6,10,15,-1,-1,80,4,7,20,2,3,1,1,2,40,70
269,1369,高雄改,たかお,5,66,0,0,0,0,0,57,69,64,48,77,24,79,20,69,45,75,0,0,0,40,79,101,14,49,68,10,59,10,2,5,4,2,2,2,2,0,6,15,25,-1,-1,85,4,7,20,2,3,1,1,2,40,70
270,1370,坼锤,あたご,5,67,0,0,0,0,0,57,69,64,48,77,24,79,20,69,45,75,0,0,0,40,79,101,14,49,68,10,59,10,2,5,4,2,2,2,2,0,6,15,25,-1,-1,85,4,7,20,2,3,1,1,2,40,70
271,1371,摩耶改,まや,5,68,428,75,750,1150,0,55,69,62,43,78,24,69,55,89,45,75,0,0,0,40,79,101,14,49,68,10,59,10,2,4,4,2,2,2,2,0,10,30,15,-1,-1,85,4,7,20,2,2,1,4,2,40,70
272,1372,B海改,ちょうかい,5,69,427,65,650,1300,1,57,69,64,48,78,24,69,20,69,45,75,0,0,0,40,79,101,14,49,68,10,59,10,2,4,4,2,2,2,2,0,6,10,15,-1,-1,85,4,7,20,2,3,1,1,2,40,70
273,1373,利根改,とね,5,71,188,70,1000,700,1,56,69,63,42,76,24,79,24,79,46,77,0,0,0,41,79,100,24,79,110,10,59,10,2,5,4,4,4,4,4,0,6,15,25,-1,-1,90,5,7,18,3,3,1,2,2,45,65
274,1374,筑摩改,ちくま,5,72,189,70,1000,700,1,56,69,63,42,76,24,79,24,79,46,77,0,0,0,41,79,100,24,79,110,10,59,10,2,5,4,4,4,4,4,0,6,15,25,-1,-1,90,5,7,18,3,3,1,2,2,45,65
275,1375,LT改,ながと,9,80,0,0,0,0,0,90,98,98,90,99,0,0,33,99,85,98,0,0,0,24,69,94,15,49,68,32,99,5,3,7,4,3,3,3,3,0,8,8,25,-1,-1,300,20,30,50,3,5,0,2,5,100,160
276,1376,奥改,むつ,9,81,0,0,0,0,0,90,98,98,90,99,0,0,33,99,85,98,0,0,0,24,69,94,15,49,68,6,59,5,3,7,4,3,3,3,3,0,8,8,25,-1,-1,300,20,30,50,3,5,0,2,5,100,160
277,1377,赤城改,あかぎ,11,83,0,0,0,0,0,77,92,85,0,54,0,0,35,79,40,79,0,0,0,28,69,92,50,89,111,12,59,10,1,7,4,20,20,32,10,0,21,24,16,-1,-1,270,10,15,35,12,0,0,5,4,75,75
278,1378,加R改,かが,11,84,0,0,0,0,0,79,92,87,0,49,0,0,30,79,40,79,0,0,0,27,69,92,50,89,111,12,59,10,1,6,4,20,20,46,12,0,21,24,16,-1,-1,260,10,17,40,15,0,0,5,4,80,80
279,1379,n改,そうりゅう,11,90,197,78,1200,1700,0,65,89,72,0,39,0,0,30,79,35,69,0,0,0,33,69,89,46,89,113,12,59,10,1,6,4,18,27,18,10,0,21,24,16,-1,-1,250,9,13,30,10,0,0,4,4,65,65
280,1380,w改,ひりゅう,11,91,196,77,1200,1700,0,65,89,72,0,39,0,0,30,79,35,69,0,0,0,37,79,102,46,89,113,40,89,10,1,7,4,18,27,18,10,0,21,24,16,-1,-1,250,9,13,30,10,0,0,4,4,65,65
281,1381,J改,りゅうじょう,7,76,157,75,600,600,0,45,69,51,0,29,0,0,20,39,25,59,0,0,0,27,59,77,35,79,103,12,59,10,1,5,4,9,24,5,5,0,21,24,16,-1,-1,170,4,6,20,6,0,0,3,2,40,40
282,1382,祥P改,しょうほう,7,74,0,0,0,0,0,45,69,51,0,29,0,0,18,39,25,59,0,0,0,28,59,76,35,79,103,12,59,10,1,5,4,18,12,12,6,0,21,24,16,-1,-1,160,4,6,20,6,0,0,3,2,40,40
283,1383,w改,ひよう,7,75,0,0,0,0,0,50,79,57,0,29,0,0,25,69,30,59,0,0,0,28,69,92,40,79,101,12,59,5,1,5,4,18,18,18,12,0,21,24,16,-1,-1,180,6,10,25,8,0,0,3,3,45,45
284,1384,隼改,じゅんよう,7,92,408,80,900,1400,0,50,79,57,0,29,0,0,25,69,30,59,0,0,0,28,69,92,40,79,101,30,79,5,1,5,4,18,18,18,12,0,21,24,16,-1,-1,180,6,10,25,8,0,0,3,3,45,45
285,1385,P翔改,ほうしょう,7,89,0,0,0,0,0,40,59,46,0,29,0,0,15,39,25,49,0,0,0,24,59,78,35,79,103,30,79,5,1,4,3,14,16,12,0,0,21,16,-1,-1,-1,120,3,4,15,4,0,0,2,2,30,30
286,1386,扶桑改,ふそう,10,26,411,80,3500,2400,1,75,89,83,63,79,0,0,40,89,72,89,0,0,0,33,67,86,18,49,66,10,59,5,3,5,4,10,10,10,10,0,7,26,25,-1,-1,260,10,15,35,3,4,0,2,4,95,105
287,1387,山城改,やましろ,10,27,412,80,3500,2400,1,75,89,83,63,79,0,0,40,89,72,89,0,0,0,33,67,86,18,49,66,10,59,5,3,5,4,10,10,10,10,0,7,26,25,-1,-1,260,10,15,35,3,4,0,2,4,95,105
288,1388,翔Q改,しょうかく,11,110,461,80,3700,1200,1,75,90,83,0,39,0,0,40,79,42,72,0,0,0,38,79,102,48,89,112,12,89,10,1,6,4,24,24,24,12,0,21,24,51,-1,-1,360,7,10,30,10,0,0,4,3,65,70
289,1389,鬼怒改,きぬ,3,113,0,0,0,0,0,41,59,47,20,59,24,79,15,59,29,59,48,79,96,42,79,99,10,49,71,12,59,10,2,5,3,1,1,1,0,0,10,39,30,-1,-1,75,2,2,10,0,1,1,1,2,25,35
290,1390,阿武隈改,あぶくま,3,114,200,75,550,400,1,42,59,48,20,59,24,79,15,59,29,59,48,79,96,44,79,98,10,49,71,12,59,10,2,6,3,1,1,1,0,0,10,39,30,-1,-1,75,2,2,10,0,1,1,1,2,25,35
291,1391,千r航改,ちとせ,7,108,296,50,430,370,0,57,79,64,0,34,0,0,27,69,32,64,0,0,0,37,69,87,42,79,99,12,59,10,1,5,4,24,16,8,8,0,21,16,51,-1,-1,190,5,10,24,7,0,0,3,3,45,40
292,1392,千代田航改,ちよだ,7,109,297,50,430,370,0,57,79,64,0,34,0,0,27,69,32,64,0,0,0,37,69,87,42,79,99,12,59,10,1,5,4,24,16,8,8,0,21,16,51,-1,-1,190,5,10,24,7,0,0,3,3,45,40
293,1393,夕改,ゆうばり,3,115,0,0,0,0,0,36,49,41,23,63,24,79,20,69,28,49,24,69,94,42,69,84,8,44,64,17,69,10,2,6,4,0,0,0,0,0,4,48,40,-1,-1,82,2,2,7,0,1,1,2,1,25,40
294,1394,舞L改,まいかぜ,2,122,0,0,0,0,0,32,49,37,12,49,28,79,16,49,14,49,27,64,84,47,89,112,8,39,56,12,59,10,1,5,3,0,0,0,0,0,3,15,-1,-1,-1,24,1,2,10,0,1,1,1,1,15,20
295,1395,衣笠改,きぬがさ,5,123,142,55,380,480,0,49,65,55,36,66,18,59,18,59,34,64,0,0,0,38,75,95,12,49,69,10,59,10,2,5,4,2,2,2,2,0,6,39,14,-1,-1,60,3,6,15,1,2,1,1,2,35,60
296,121,千r航改二,ちとせ,7,291,0,0,0,0,0,58,79,65,0,34,0,0,30,72,32,65,0,0,0,38,69,86,42,79,99,13,59,10,1,6,4,24,16,11,8,0,21,39,51,-1,-1,190,5,10,24,7,0,0,3,3,45,40
297,122,千代田航改二,ちよだ,7,292,0,0,0,0,0,58,79,65,0,34,0,0,30,72,32,65,0,0,0,38,69,86,42,79,99,13,59,10,1,6,4,24,16,11,8,0,21,39,51,-1,-1,190,5,10,24,7,0,0,3,3,45,40
300,1396,初L改,はつかぜ,2,190,0,0,0,0,0,32,49,37,12,49,28,79,16,49,14,49,27,64,84,47,89,112,8,39,56,12,59,10,1,5,3,0,0,0,0,0,3,15,-1,-1,-1,24,1,2,10,0,1,1,1,1,15,20
301,1397,秋改,あきぐも,2,132,0,0,0,0,0,32,49,37,8,44,28,79,22,59,14,49,27,64,84,47,89,112,8,39,56,15,59,10,1,5,3,0,0,0,0,0,15,40,-1,-1,-1,24,1,2,10,0,1,1,1,1,15,20
302,1398,夕改,ゆうぐも,2,133,0,0,0,0,0,32,49,37,12,50,28,80,16,50,14,49,29,67,88,48,90,113,9,42,60,12,59,10,1,5,3,0,0,0,0,0,15,28,-1,-1,-1,24,1,2,10,0,1,1,1,1,15,20
303,1399,改,まきぐも,2,134,0,0,0,0,0,32,49,37,12,50,28,80,16,50,14,49,29,67,88,48,90,113,9,42,60,12,59,10,1,5,3,0,0,0,0,0,15,47,-1,-1,-1,24,1,2,10,0,1,1,1,1,15,20
304,1400,L波改,ながなみ,2,135,0,0,0,0,0,32,49,37,12,50,28,80,16,50,14,49,29,67,88,48,90,113,9,42,60,14,59,10,1,5,3,0,0,0,0,0,15,47,-1,-1,-1,24,1,2,10,0,1,1,1,1,15,20
305,1401,阿R野改,あがの,3,137,0,0,0,0,0,45,62,51,28,66,24,79,20,72,31,69,26,82,113,42,80,101,14,59,84,10,59,10,2,6,3,2,2,2,0,0,65,28,-1,-1,-1,60,3,5,14,1,2,1,1,2,30,40
306,1402,能代改,のしろ,3,138,0,0,0,0,0,45,62,51,28,66,24,79,20,72,31,69,26,82,113,42,80,101,14,59,84,10,64,10,2,6,3,2,2,2,0,0,65,28,-1,-1,-1,60,3,5,14,1,2,1,1,2,30,40
307,1403,矢矧改,やはぎ,3,139,0,0,0,0,0,47,63,53,28,68,24,79,22,74,32,69,26,82,113,43,84,107,14,59,84,14,69,10,2,8,3,2,2,2,0,0,65,30,-1,-1,-1,60,3,5,14,1,2,1,1,2,30,40
308,1404,弥生改,やよい,2,164,0,0,0,0,0,24,39,28,9,39,18,69,12,39,11,39,18,59,82,40,89,116,6,39,57,12,59,10,1,5,3,0,0,0,0,0,2,13,-1,-1,-1,18,1,1,4,0,1,1,0,0,15,15
309,1405,卯月改,うづき,2,165,0,0,0,0,0,24,39,28,7,34,18,69,18,49,12,39,21,63,86,40,89,116,6,39,57,14,59,10,1,5,3,0,0,0,0,0,40,39,27,-1,-1,18,1,1,4,0,0,1,0,0,15,15
310,1406,Z1改,レ`ベレヒト?マ`ス,2,174,179,70,350,300,0,33,59,38,11,45,25,70,15,45,15,45,36,69,87,41,79,100,8,42,61,12,49,10,1,6,3,0,0,0,0,0,78,-1,-1,-1,-1,24,1,1,6,0,1,1,0,0,20,25
311,1407,Z3改,マックス?シュルツ,2,175,180,70,350,300,0,33,59,38,11,45,25,70,15,45,15,45,36,69,87,41,79,100,8,42,61,12,49,10,1,6,3,0,0,0,0,0,78,-1,-1,-1,-1,24,1,1,6,0,1,1,0,0,20,25
312,1408,浜L改,はまかぜ,2,170,0,0,0,0,0,32,49,37,12,48,28,79,22,60,14,49,27,64,84,46,88,111,8,39,56,17,59,10,1,5,3,0,0,0,0,0,40,28,-1,-1,-1,24,1,2,10,0,1,1,1,1,15,20
313,1409,谷L改,たにかぜ,2,169,0,0,0,0,0,32,49,37,12,48,28,79,16,49,14,49,28,68,90,46,88,111,8,39,56,16,59,10,1,5,3,0,0,0,0,0,44,46,-1,-1,-1,24,1,2,10,0,1,1,1,1,15,20
314,1410,酒龈,さかわ,3,140,0,0,0,0,0,46,62,52,27,64,23,78,19,73,31,69,30,84,114,41,80,102,14,59,84,30,74,10,2,6,3,2,2,2,0,0,-1,-1,-1,-1,-1,60,3,5,14,1,2,1,1,2,30,40
316,1411,天津L改,あまつかぜ,2,181,0,0,0,0,0,34,54,39,12,49,32,84,23,63,14,61,28,59,76,50,94,118,9,39,55,17,69,10,1,7,3,0,0,0,0,0,15,47,87,-1,-1,24,1,2,10,0,1,1,1,1,20,20
317,1412,浦L改,うらかぜ,2,168,0,0,0,0,0,32,49,37,12,48,28,79,16,49,14,49,29,69,91,46,88,111,8,39,56,13,59,10,1,5,3,0,0,0,0,0,91,46,-1,-1,-1,24,1,2,10,0,1,1,1,1,15,20
318,190,P改,たいげい?りゅうほう,7,185,0,0,0,0,0,48,70,54,0,32,0,0,28,62,24,57,0,0,0,30,62,80,30,74,98,24,79,5,1,6,4,21,9,9,6,0,21,82,51,-1,-1,160,4,8,24,5,0,0,2,2,35,40
319,191,妙高改二,みょうこう,5,265,0,0,0,0,0,56,71,63,50,80,36,88,28,80,47,78,0,0,0,47,85,106,19,59,81,32,79,10,2,6,4,2,2,4,4,0,90,90,28,-1,-1,80,4,7,20,2,3,1,2,2,45,75
320,1413,L改,いそかぜ,2,167,0,0,0,0,0,33,49,38,12,48,28,79,24,64,14,49,27,64,84,47,88,111,9,39,55,18,59,10,1,6,3,0,0,0,0,0,91,44,106,-1,-1,24,1,2,10,0,1,1,1,1,15,20
321,1414,大淀改,おおよど,3,183,0,0,0,0,0,47,64,53,32,63,0,49,22,74,32,68,0,39,61,40,78,99,28,84,115,30,79,10,2,7,4,0,6,6,0,0,65,107,106,-1,-1,80,4,3,14,3,2,0,2,2,35,35
322,1415,r津L改,ときつかぜ,2,186,0,0,0,0,0,32,49,37,12,48,28,79,16,49,14,49,26,64,85,46,88,111,8,39,56,12,59,10,1,6,3,0,0,0,0,0,15,91,-1,-1,-1,24,1,2,10,0,1,1,1,1,15,20
323,1416,春雨改,はるさめ,2,405,0,0,0,0,0,30,49,35,12,49,28,79,15,49,14,49,24,59,78,45,89,113,7,39,57,12,59,10,1,5,3,0,0,0,0,0,63,75,-1,-1,-1,22,1,2,10,0,1,1,1,1,15,20
324,1417,早霜改,はやしも,2,409,0,0,0,0,0,32,49,37,12,50,28,80,16,50,14,49,29,67,88,48,90,113,9,42,60,12,59,10,1,5,3,0,0,0,0,0,28,44,27,-1,-1,24,1,2,10,0,1,1,1,1,15,20
325,1418,清霜改,きよしも,2,410,0,0,0,0,0,32,49,37,12,50,28,80,16,50,14,49,29,67,88,48,90,113,9,42,60,13,59,10,1,5,3,0,0,0,0,0,28,47,27,-1,-1,24,1,2,10,0,1,1,1,1,15,20
326,204,初春改二,はつはる,2,238,0,0,0,0,0,31,52,36,13,52,32,90,23,73,14,51,30,69,91,48,90,113,10,45,64,16,59,10,1,6,3,0,0,0,0,0,63,106,40,-1,-1,20,1,2,10,0,1,2,1,1,15,20
327,1419,朝改,あさぐも,2,413,0,0,0,0,0,31,49,36,12,49,28,79,16,49,14,49,24,59,78,46,89,113,8,39,56,12,59,10,1,5,3,0,0,0,0,0,91,44,-1,-1,-1,22,1,2,10,0,1,1,1,1,15,20
328,1420,山改,やまぐも,2,414,0,0,0,0,0,31,49,36,12,49,28,79,16,49,14,48,27,64,84,46,89,113,8,39,56,11,58,10,1,5,3,0,0,0,0,0,91,44,-1,-1,-1,22,1,2,10,0,1,1,1,1,15,20
329,1421,野分改,のわき,2,415,0,0,0,0,0,32,49,37,12,48,28,79,16,49,14,49,28,68,90,46,88,111,8,39,56,13,59,10,1,6,3,0,0,0,0,0,91,46,-1,-1,-1,24,1,2,10,0,1,1,1,1,15,20
330,1422,秋月改,あきづき,2,421,0,0,0,0,0,37,57,42,24,57,24,54,80,116,16,53,30,72,95,48,88,110,10,49,71,12,69,10,1,7,3,0,0,0,0,0,122,106,40,-1,-1,30,1,2,13,1,1,1,3,1,20,25
331,202,天城,あまぎ,11,0,429,50,750,1000,1,48,79,54,0,25,0,0,27,72,26,51,0,0,0,33,59,73,38,74,94,13,59,10,1,6,4,18,24,3,6,0,40,10,-1,-1,-1,210,7,9,26,5,0,0,3,3,50,45
332,203,葛城,かつらぎ,11,0,430,50,750,1000,1,48,79,54,0,25,0,0,27,72,27,52,0,0,0,34,59,73,36,70,89,20,69,10,1,6,4,18,24,3,6,0,39,40,-1,-1,-1,210,7,9,26,5,0,0,3,3,50,45
334,1504,U-511改,ゆ`511?ろ500,13,431,436,55,170,270,0,13,18,17,3,12,27,64,0,0,6,20,0,0,0,20,59,81,9,29,40,34,67,5,1,6,2,0,0,0,0,0,-1,-1,-1,-1,-1,22,1,2,2,1,1,2,0,0,10,20
343,1423,香取改,かとり,21,154,0,0,0,0,0,40,54,46,16,36,14,40,24,48,15,39,22,62,84,26,52,66,12,48,68,12,54,5,2,5,4,2,2,2,2,0,119,40,46,44,-1,70,3,2,11,1,1,1,2,1,35,20
344,1424,朝霜改,あさしも,2,425,0,0,0,0,0,33,49,38,12,47,28,78,22,62,14,49,35,79,103,49,92,116,10,43,61,18,68,10,1,5,3,0,0,0,0,0,91,47,40,-1,-1,24,1,3,10,1,0,1,1,1,15,20
345,1425,高波改,たかなみ,2,424,0,0,0,0,0,32,49,37,12,50,28,80,16,50,14,49,29,67,88,48,90,113,13,52,74,10,57,10,1,5,3,0,0,0,0,0,129,28,27,-1,-1,24,1,2,10,0,1,1,1,1,15,20
346,1426,照月改,てるづき,2,422,0,0,0,0,0,37,57,42,24,58,25,56,80,114,16,52,30,72,95,48,87,109,10,49,71,11,59,10,1,7,3,0,0,0,0,0,122,106,40,-1,-1,30,1,2,13,1,1,1,3,1,20,25
347,1427,Libeccio改,リベッチオ,2,443,0,0,0,0,0,29,46,33,11,48,27,72,20,59,15,50,40,80,102,50,92,115,10,46,66,16,69,10,1,7,3,0,0,0,0,0,147,147,-1,-1,-1,23,1,2,10,0,1,1,1,1,15,20
348,1428,瑞[改,みずほ,16,451,0,0,0,0,0,42,62,48,18,45,15,72,18,44,24,48,0,0,0,24,42,52,38,94,125,10,54,5,1,5,3,12,12,8,0,0,59,41,39,-1,-1,140,3,3,15,5,1,2,1,2,40,45
349,1429,L改,かざぐも,2,453,0,0,0,0,0,32,49,37,12,50,29,81,17,51,14,49,30,69,91,48,90,113,9,42,60,14,69,10,1,3,3,0,0,0,0,0,129,28,27,-1,-1,24,1,2,10,0,1,1,1,1,15,20
350,1430,海L改,うみかぜ,2,458,0,0,0,0,0,30,48,35,12,49,28,79,16,50,14,49,27,63,83,46,89,113,8,40,58,13,64,10,1,4,3,0,0,0,0,0,63,44,-1,-1,-1,22,1,2,10,0,1,1,1,1,15,20
351,1431,江L改,かわかぜ,2,459,0,0,0,0,0,30,48,35,12,49,29,80,15,49,14,49,24,59,78,46,89,113,8,40,58,12,59,10,1,5,3,0,0,0,0,0,63,28,-1,-1,-1,22,1,2,10,0,1,1,1,1,15,20
352,1432,速吸改,はやすい,22,460,0,0,0,0,0,48,50,50,8,36,0,0,20,48,6,19,12,36,49,10,33,46,18,59,82,8,44,5,1,7,3,6,3,1,0,0,18,146,40,-1,-1,220,8,1,20,1,1,1,2,1,120,20
353,1433,Graf Zeppelin改,グラ`フ?ツェッペリン,11,432,0,0,0,0,0,78,92,86,15,50,0,0,44,80,42,80,0,0,0,29,69,91,46,74,89,7,47,10,2,7,4,30,13,10,3,0,159,64,160,-1,-1,270,10,17,36,8,2,0,4,4,70,80
354,1434,垢,あらし,2,454,0,0,0,0,0,32,49,37,12,49,28,79,16,49,14,49,30,70,92,46,87,110,8,39,56,12,63,10,1,6,3,0,0,0,0,0,91,45,-1,-1,-1,24,1,2,10,0,1,1,1,1,15,20
355,1435,cL改,はぎかぜ,2,455,0,0,0,0,0,32,49,37,13,50,28,79,16,49,14,49,28,68,90,46,87,110,8,39,56,12,63,10,1,6,3,0,0,0,0,0,91,15,-1,-1,-1,24,1,2,10,0,1,1,1,1,15,20
356,1436,鹿u改,かしま,21,465,0,0,0,0,0,40,54,46,14,37,13,39,22,62,15,39,24,69,94,27,54,69,10,50,72,20,79,5,2,5,4,2,2,2,2,0,119,74,47,44,-1,70,3,2,11,1,1,1,2,1,35,20
357,1437,初月改,はつづき,2,423,0,0,0,0,0,37,57,42,25,60,24,54,80,110,17,54,30,72,95,49,89,111,10,49,71,8,52,10,1,7,3,0,0,0,0,0,122,106,40,-1,-1,30,1,2,13,1,1,1,3,1,20,25
358,1438,Zara改,ザラ,5,448,0,0,0,0,0,56,68,63,42,75,0,40,22,72,46,78,0,0,0,37,72,91,12,46,65,12,56,10,3,7,4,2,2,2,2,0,162,163,-1,-1,-1,70,4,6,18,3,4,0,1,2,45,65
359,1439,_波改,おきなみ,2,452,0,0,0,0,0,32,49,37,12,50,29,81,16,50,14,49,32,70,91,48,90,113,9,42,60,12,59,10,1,5,3,0,0,0,0,0,27,28,40,-1,-1,24,1,2,10,0,1,1,1,1,15,20
360,1440,Iowa改,アイオワ,8,440,0,0,0,0,0,92,103,101,90,115,0,0,82,120,89,107,0,0,0,53,70,79,50,70,81,40,99,10,3,8,4,4,4,4,4,0,161,172,173,171,-1,500,32,45,100,40,6,0,1,2,45,65
361,1441,Pola改,ポ`ラ,5,449,0,0,0,0,0,56,68,63,41,77,0,44,21,73,45,77,0,0,0,50,71,82,25,47,59,11,57,10,3,7,4,2,2,2,2,0,162,164,-1,-1,-1,70,4,6,18,3,4,0,1,1,15,20
362,1442,H潮改,おやしお,2,456,0,0,0,0,0,32,49,37,13,50,28,78,16,48,14,49,27,67,89,46,87,110,8,40,58,14,64,10,1,6,3,0,0,0,0,0,63,15,-1,-1,-1,24,1,2,10,0,1,1,0,0,15,15
363,1443,春L改,はるかぜ,2,473,0,0,0,0,0,23,38,27,7,38,14,68,10,56,11,38,22,68,94,54,90,110,7,45,66,30,89,10,1,5,3,0,0,0,0,0,1,174,39,-1,-1,18,1,1,4,0,1,1,0,0,10,20
398,1498,伊168改,い168,13,126,0,0,0,0,0,15,19,19,3,11,30,69,0,0,5,18,0,0,0,16,49,67,10,29,39,10,49,5,1,4,2,0,0,0,0,0,-1,-1,-1,-1,-1,22,1,2,2,1,0,2,0,0,10,20
399,1499,伊58改,い58,14,127,0,0,0,0,0,18,24,22,3,12,36,84,0,0,5,19,0,0,0,15,49,68,15,39,52,50,79,5,1,5,2,1,1,0,0,0,-1,-1,-1,-1,-1,22,1,2,2,2,0,2,1,0,10,25
400,1500,伊8改,い8,14,128,0,0,0,0,0,19,25,23,4,14,36,84,0,0,5,19,0,0,0,15,49,68,16,39,52,25,69,5,1,6,2,1,1,0,0,0,-1,-1,-1,-1,-1,22,1,2,2,2,0,2,1,0,10,25
401,1501,伊19改,い19,14,191,0,0,0,0,0,18,24,22,3,12,42,89,0,0,5,19,0,0,0,13,49,69,15,39,52,13,59,5,1,5,2,1,1,0,0,0,-1,-1,-1,-1,-1,22,1,2,2,2,0,2,1,0,10,25
402,1502,まるゆ改,まるゆ,13,163,0,0,0,0,0,7,13,11,1,5,0,19,0,0,2,11,0,0,0,9,29,40,1,19,29,7,77,5,1,6,1,0,0,0,0,0,-1,-1,-1,-1,-1,17,1,0,1,0,0,1,0,1,10,10
403,1503,伊401改,い401,14,155,0,0,0,0,0,24,39,28,6,19,40,80,0,0,7,24,0,0,0,12,44,62,15,45,61,20,59,5,1,7,2,3,3,0,0,0,62,-1,-1,-1,-1,200,1,2,4,3,0,2,1,1,25,30
404,201,,うんりゅう,11,0,406,50,750,1000,1,48,79,54,0,27,0,0,28,72,26,52,0,0,0,31,59,74,40,72,90,10,49,10,1,6,4,18,24,3,6,0,40,51,-1,-1,-1,210,7,9,26,5,0,0,3,3,50,45
405,205,春雨,はるさめ,2,0,323,30,110,120,0,16,32,20,10,29,24,69,9,39,6,19,21,49,64,43,79,99,5,19,26,10,49,10,1,4,2,0,0,0,0,0,2,92,-1,-1,-1,22,1,1,5,0,1,1,0,0,15,20
406,206,改,うんりゅう,11,404,0,0,0,0,0,60,84,67,0,48,0,0,32,78,35,77,0,0,0,35,72,92,48,82,101,12,59,10,1,7,4,18,21,27,3,0,109,111,112,54,-1,210,7,13,30,10,0,0,4,3,50,55
407,207,潮改二,うしお,2,233,0,0,0,0,0,33,53,38,10,50,25,80,24,74,15,56,32,72,94,65,95,111,11,48,68,32,80,10,1,6,3,0,0,0,0,0,40,39,44,-1,-1,20,1,2,10,0,1,2,2,1,15,20
408,208,隼改二,じゅんよう,7,284,0,0,0,0,0,55,82,62,0,40,0,0,36,74,31,62,0,0,0,41,84,108,44,79,98,41,84,5,1,6,4,24,18,20,4,0,22,106,30,51,-1,180,6,14,26,10,0,0,4,3,45,50
409,209,早霜,はやしも,2,0,324,30,110,140,0,16,34,20,10,30,24,69,9,39,6,19,27,52,66,47,80,98,6,19,26,11,49,10,1,4,2,0,0,0,0,0,2,39,-1,-1,-1,24,1,1,6,0,0,1,0,1,15,20
410,210,清霜,きよしも,2,0,325,30,110,140,0,16,34,20,10,30,24,69,9,39,6,19,27,52,66,47,80,98,6,19,26,12,49,10,1,4,2,0,0,0,0,0,2,39,-1,-1,-1,24,1,1,6,0,0,1,0,1,15,20
411,211,扶桑改二,ふそう,10,286,0,0,0,0,0,77,94,85,80,99,0,0,44,88,72,90,0,0,0,34,69,88,22,59,79,13,69,5,3,6,4,4,4,9,23,0,105,8,51,80,-1,260,12,15,38,5,5,0,3,4,105,140
412,212,山城改二,やましろ,10,287,0,0,0,0,0,77,94,85,80,98,0,0,43,87,73,91,0,0,0,35,69,88,23,59,79,14,70,5,3,6,4,4,4,9,23,0,105,8,74,80,-1,260,12,15,38,5,5,0,3,4,105,140
413,213,朝,あさぐも,2,0,327,35,110,140,0,16,33,20,10,29,24,69,9,39,6,19,21,49,64,43,79,99,5,19,26,8,49,10,1,4,2,0,0,0,0,0,2,14,-1,-1,-1,22,1,1,5,0,0,1,0,1,15,20
414,214,山,やまぐも,2,0,328,35,110,140,0,16,33,20,10,29,24,69,9,39,6,19,23,50,65,43,79,99,5,19,26,7,49,10,1,4,2,0,0,0,0,0,2,14,-1,-1,-1,22,1,1,5,0,0,1,0,1,15,20
415,215,野分,のわき,2,0,329,35,110,140,0,16,34,20,10,29,24,69,12,44,6,19,24,49,63,44,79,98,8,19,25,14,49,10,1,5,2,0,0,0,0,0,2,14,-1,-1,-1,24,1,1,6,0,0,1,0,1,15,20
416,216,古改二,ふるたか,5,262,0,0,0,0,0,53,65,60,39,77,24,75,22,64,34,72,0,0,0,39,77,98,13,54,77,14,64,10,2,6,4,2,2,2,2,0,90,90,74,-1,-1,60,3,7,16,1,2,1,1,2,35,65
417,217,加古改二,かこ,5,263,0,0,0,0,0,52,64,59,40,78,25,77,24,65,33,72,0,0,0,38,76,97,14,55,78,12,62,10,2,6,4,2,2,2,2,0,90,90,74,39,-1,60,3,7,16,1,2,1,1,2,35,65
418,218,w月改二,さつき,2,256,0,0,0,0,0,28,44,32,8,42,27,78,40,82,12,45,30,81,109,60,96,116,10,45,64,20,79,10,1,6,3,0,0,0,0,0,131,125,106,-1,-1,18,1,2,7,0,1,2,2,0,15,15
419,219,初霜改二,はつしも,2,241,0,0,0,0,0,31,52,36,12,52,28,84,35,81,14,51,28,69,92,64,94,110,11,48,68,53,100,10,1,6,3,0,0,0,0,0,91,106,120,-1,-1,22,1,2,10,0,2,2,1,1,15,20
420,220,搽改二,むらくも,2,205,0,0,0,0,0,31,49,36,14,57,32,89,27,74,14,50,28,69,92,50,90,112,9,42,60,15,57,10,1,6,3,0,0,0,0,0,91,91,125,-1,-1,22,1,2,10,0,1,2,1,1,15,20
421,221,秋月,あきづき,2,0,330,40,170,270,0,20,40,24,16,48,16,48,70,104,9,27,27,63,83,47,84,104,9,29,40,10,59,10,1,6,3,0,0,0,0,0,122,15,39,-1,-1,30,1,2,13,1,0,1,3,1,20,25
422,222,照月,てるづき,2,0,346,40,170,270,0,20,40,24,16,49,16,49,70,103,9,26,27,63,83,47,83,103,9,29,40,9,49,10,1,6,3,0,0,0,0,0,122,15,39,-1,-1,30,1,2,13,1,0,1,3,1,20,25
423,223,初月,はつづき,2,0,357,40,170,270,0,20,40,24,18,50,15,47,70,101,9,28,26,62,82,48,85,105,8,28,39,7,47,10,1,6,3,0,0,0,0,0,122,15,40,-1,-1,30,1,2,13,1,0,1,3,1,20,25
424,224,高波,たかなみ,2,0,345,30,110,130,0,16,34,20,10,30,24,69,9,39,6,19,27,52,66,47,80,98,9,24,32,8,44,10,1,4,2,0,0,0,0,0,2,39,-1,-1,-1,24,1,1,6,0,0,1,0,1,15,20
425,225,朝霜,あさしも,2,0,344,45,150,170,0,16,34,20,10,29,24,68,9,44,6,19,35,64,80,47,80,98,6,19,26,16,59,10,1,4,2,0,0,0,0,0,2,46,-1,-1,-1,24,1,1,6,0,0,1,0,1,15,20
426,226,吹雪改二,ふぶき,2,201,0,0,0,0,0,31,49,36,15,59,30,88,35,78,14,50,26,68,91,49,92,116,14,54,76,17,77,10,1,6,3,0,0,0,0,0,125,121,106,-1,-1,20,1,2,10,0,2,2,1,1,15,20
427,227,B海改二,ちょうかい,5,272,0,0,0,0,0,57,72,64,55,85,35,86,24,70,46,78,0,0,0,41,80,102,22,62,84,19,68,10,2,6,4,3,3,3,3,0,90,129,74,88,-1,85,4,7,21,3,4,1,2,2,45,80
428,228,摩耶改二,まや,5,271,0,0,0,0,0,57,71,64,42,77,34,84,72,106,48,78,0,0,0,42,81,103,16,55,77,14,64,10,2,6,4,3,3,3,3,0,90,131,121,10,-1,85,4,6,21,4,2,1,5,2,45,80
429,229,天城改,あまぎ,11,331,0,0,0,0,0,60,84,67,0,45,0,0,33,79,35,76,0,0,0,36,73,93,46,80,99,17,69,10,1,7,4,18,21,27,3,0,109,111,112,51,-1,210,7,13,30,10,0,0,4,3,50,55
430,230,葛城改,かつらぎ,11,332,0,0,0,0,0,60,84,67,0,45,0,0,32,78,36,78,0,0,0,37,75,96,44,78,97,30,79,10,1,7,4,18,21,27,3,0,109,113,39,51,-1,210,7,13,30,10,0,0,4,3,50,55
431,231,U-511,ゆ`511?ろ500,13,0,334,35,170,270,0,8,16,12,2,8,22,58,0,0,4,16,0,0,0,18,44,58,8,28,39,30,63,5,1,5,1,0,0,0,0,0,126,-1,-1,-1,-1,22,1,2,2,1,0,2,0,0,10,20
432,232,Graf Zeppelin,グラ`フ?ツェッペリン,11,0,353,50,1300,900,0,70,89,78,10,40,0,0,40,70,29,57,0,0,0,29,49,60,40,69,85,4,39,10,2,7,3,20,13,10,0,0,158,160,-1,-1,-1,270,8,15,32,7,2,0,3,4,55,65
434,234,睦月改二,むつき,2,254,0,0,0,0,0,27,43,31,10,45,28,79,16,56,12,43,28,69,92,51,90,112,8,43,62,14,64,10,1,6,3,0,0,0,0,0,91,125,34,-1,-1,18,1,2,7,0,1,2,1,0,15,15
435,235,如月改二,きさらぎ,2,255,0,0,0,0,0,27,43,31,10,46,28,80,18,57,12,43,28,69,92,50,91,114,9,44,63,13,60,10,1,6,3,0,0,0,0,0,91,125,34,-1,-1,18,1,2,7,0,1,2,1,0,15,15
436,236,500,ゆ`511?ろ500,13,334,0,0,0,0,0,13,19,17,4,13,30,69,0,0,7,21,0,0,0,24,68,92,12,34,46,44,77,5,1,7,2,0,0,0,0,0,127,-1,-1,-1,-1,22,1,2,2,1,1,2,0,0,10,20
437,237,改二,あかつき,2,234,0,0,0,0,0,31,50,36,14,62,32,90,19,59,14,50,28,66,87,46,89,113,17,60,84,15,67,10,1,6,3,0,0,0,0,0,91,74,125,-1,-1,20,1,2,10,0,1,2,1,1,15,20
440,240,Iowa,アイオワ,8,0,360,50,3400,2800,0,84,95,92,85,105,0,0,70,96,79,95,0,0,0,34,?,?,24,?,?,35,89,10,3,7,4,4,4,4,4,0,161,172,-1,-1,-1,500,30,45,90,30,6,0,1,3,130,150
441,241,Littorio,リットリオ?イタリア,8,0,446,35,900,1500,1,88,94,94,78,97,0,0,40,72,72,86,0,0,0,28,54,68,15,44,60,20,69,10,4,6,4,3,3,3,3,0,133,134,136,-1,-1,300,10,18,37,6,3,0,1,3,130,150
442,242,Roma,ロ`マ,8,0,447,35,900,1500,1,88,94,94,79,98,0,0,44,74,71,85,0,0,0,27,52,66,17,46,62,6,39,10,4,6,4,3,3,3,3,0,133,134,136,-1,-1,300,10,18,37,6,3,0,1,3,130,150
443,243,Libeccio,リベッチオ,2,0,347,30,100,170,0,15,30,19,9,27,22,58,11,41,7,18,30,60,76,48,82,101,7,20,27,12,59,10,1,6,2,0,0,0,0,0,147,-1,-1,-1,-1,23,1,1,6,0,1,1,0,0,15,20
445,245,秋津洲,あきつしま,16,0,450,35,350,700,0,32,44,37,6,18,0,0,12,36,9,25,0,0,0,32,57,71,22,42,53,12,59,5,1,7,2,1,1,0,0,0,10,39,-1,-1,-1,70,3,1,7,4,0,0,1,1,50,10
446,246,Italia,リットリオ?イタリア,8,441,0,0,0,0,0,92,98,98,81,102,0,0,44,90,77,92,0,0,0,35,76,99,17,52,71,30,79,10,4,7,4,3,3,3,3,0,137,134,135,-1,-1,300,18,28,39,7,5,0,2,3,140,170
447,247,Roma改,ロ`マ,8,442,0,0,0,0,0,92,98,98,82,105,0,0,46,94,76,90,0,0,0,32,71,93,17,52,71,8,57,10,4,7,4,3,3,3,3,0,137,134,135,-1,-1,300,18,28,39,7,5,0,2,3,140,170
448,248,Zara,ザラ,5,0,358,40,280,420,0,42,55,48,36,58,0,28,18,62,36,54,0,0,0,33,59,73,10,36,50,10,48,10,3,6,3,2,2,2,0,0,162,-1,-1,-1,-1,70,2,2,11,2,3,0,0,2,45,60
449,249,Pola,ポ`ラ,5,0,361,40,440,270,0,42,55,48,35,59,0,32,16,64,35,53,0,0,0,32,?,?,9,?,?,9,49,10,3,6,3,2,2,2,0,0,162,-1,-1,-1,-1,70,2,2,11,2,3,0,2,1,60,15
450,250,秋津洲改,あきつしま,16,445,0,0,0,0,0,36,48,41,8,28,0,0,16,44,13,42,0,0,0,35,64,80,24,54,70,14,72,5,1,8,3,1,1,1,0,0,138,40,-1,-1,-1,70,3,1,7,6,0,0,2,1,60,15
451,251,瑞[,みずほ,16,0,348,40,160,220,0,41,59,47,12,36,0,32,16,32,19,42,0,0,0,19,37,47,36,74,95,8,39,5,1,5,2,12,12,0,0,0,10,59,-1,-1,-1,140,3,2,12,5,1,0,1,2,35,35
452,252,_波,おきなみ,2,0,359,30,110,130,0,16,34,20,10,30,24,69,9,38,6,19,28,53,67,47,80,98,7,21,28,10,49,10,1,4,2,0,0,0,0,0,2,39,-1,-1,-1,24,1,1,6,0,0,1,0,1,15,20
453,253,L,かざぐも,2,0,349,30,120,140,0,16,34,20,10,30,25,70,10,40,6,19,27,52,66,47,80,98,6,19,26,13,54,10,1,3,2,0,0,0,0,0,2,39,-1,-1,-1,24,1,1,6,0,0,1,0,1,15,20
454,254,,あらし,2,0,354,35,110,140,0,16,34,20,10,29,24,69,9,39,6,19,28,62,81,44,79,98,6,19,26,11,49,10,1,5,2,0,0,0,0,0,2,44,-1,-1,-1,24,1,1,6,0,0,1,0,1,15,20
456,256,H潮,おやしお,2,0,362,35,140,110,0,16,34,20,10,30,24,68,9,37,6,19,23,?,?,44,?,?,8,?,?,13,50,10,1,5,2,0,0,0,0,0,2,14,-1,-1,-1,24,1,1,6,0,0,1,0,0,15,20
455,255,cL,はぎかぜ,2,0,355,35,110,140,0,16,34,20,11,30,24,69,9,39,6,19,26,59,77,44,79,98,6,19,26,11,49,10,1,5,2,0,0,0,0,0,2,39,-1,-1,-1,24,1,1,6,0,0,1,0,1,15,20
458,258,海L,うみかぜ,2,0,350,30,100,150,0,16,32,20,10,29,24,69,10,40,6,19,23,50,65,44,79,98,6,19,26,10,49,10,1,4,2,0,0,0,0,0,2,-1,-1,-1,-1,22,1,1,5,0,0,1,0,0,15,20
459,259,江L,かわかぜ,2,0,351,30,100,150,0,16,32,20,10,29,25,70,9,39,6,19,21,49,64,44,79,98,6,19,26,10,49,10,1,4,2,0,0,0,0,0,2,-1,-1,-1,-1,22,1,1,5,0,0,1,0,0,15,20
460,260,速吸,はやすい,22,0,352,25,270,200,0,43,50,49,4,22,0,0,10,32,3,15,5,20,28,9,28,38,15,40,54,7,39,5,1,6,2,6,1,0,0,0,26,146,-1,-1,-1,220,6,0,20,1,0,0,1,1,100,15
461,261,翔Q改二,しょうかく,11,288,466,88,5700,1700,0,77,93,85,0,63,0,0,48,88,43,77,0,0,0,39,84,109,53,93,115,20,97,10,2,8,4,27,27,27,12,0,-1,-1,-1,-1,-1,360,12,16,38,17,0,0,5,5,90,85
462,262,瑞Q改二,ずいかく,11,112,467,90,5750,1700,0,78,93,86,0,56,0,0,54,90,44,78,0,0,0,48,89,112,52,92,114,50,99,10,2,8,4,28,26,26,13,0,-1,-1,-1,-1,-1,360,12,16,38,17,0,0,5,5,90,85
464,264,霞改二,かすみ,2,253,470,88,300,390,0,31,53,36,16,63,33,92,24,72,14,50,28,68,90,52,90,111,14,54,76,37,97,10,1,6,3,0,0,0,0,0,-1,-1,-1,-1,-1,22,1,2,10,0,2,2,1,1,15,20
465,265,鹿u,かしま,21,0,356,35,400,120,0,36,48,41,13,27,11,24,15,46,9,27,13,43,59,25,51,65,9,36,51,20,69,5,2,3,3,1,1,1,0,0,119,10,44,-1,-1,70,3,1,10,0,0,1,0,1,30,15
466,266,翔Q改二甲,しょうかく,18,461,461,88,4500,1200,0,78,94,86,0,70,0,0,48,88,49,83,0,0,0,36,81,106,50,90,112,20,97,10,2,8,4,34,21,12,9,0,-1,-1,-1,-1,-1,360,12,16,40,16,0,0,5,6,100,85
467,267,瑞Q改二甲,ずいかく,18,462,462,90,4550,1200,0,79,94,87,0,65,0,0,54,90,49,84,0,0,0,44,85,108,50,90,112,50,99,10,2,8,4,34,24,12,6,0,-1,-1,-1,-1,-1,360,12,16,40,16,0,0,5,6,100,85
469,269,江L改二,かわかぜ,2,351,0,0,0,0,0,31,54,36,16,62,38,96,18,64,14,51,25,63,84,51,89,110,13,53,75,19,75,10,1,6,3,0,0,0,0,0,63,15,101,-1,-1,22,1,2,10,0,2,2,1,1,15,20
470,270,霞改二乙,かすみ,2,464,464,88,390,300,0,31,53,36,12,59,30,83,32,80,15,52,28,68,90,56,92,112,15,55,77,37,97,10,1,7,3,0,0,0,0,0,-1,-1,-1,-1,-1,22,1,2,10,0,1,2,2,1,15,20
471,271,神L,かみかぜ,2,0,476,50,130,80,0,12,23,16,5,28,12,36,5,26,5,17,20,60,82,39,80,103,5,18,25,30,79,10,1,4,2,0,0,0,0,0,1,174,-1,-1,-1,18,1,1,3,0,1,1,0,0,15,15
473,273,春L,はるかぜ,2,0,363,50,110,80,0,12,23,16,5,27,12,36,6,28,5,17,18,?,?,38,?,?,4,?,?,25,74,10,1,4,2,0,0,0,0,0,1,174,-1,-1,-1,18,1,1,3,0,1,1,0,0,15,15
476,276,神L改,かみかぜ,2,471,0,0,0,0,0,23,38,27,8,41,14,68,14,48,10,38,24,64,86,60,98,119,7,42,61,40,99,10,1,6,3,0,0,0,0,0,1,174,28,-1,-1,18,1,1,4,0,1,1,0,0,0,0
船ID,龛a番号,名,iみ,N,改装前,改装後,改装Lv,改装a,改装材,改装O,耐久初期,耐久最大,耐久Y婚,火力初期,火力最大,雷装初期,雷装最大,空初期,空最大,装甲初期,装甲最大,潜初期最小,潜最大,对潜155推测,回避初期最小,回避最大,回避155推测,索吵跗谧钚,索匙畲,索敌155推测,\初期,\最大,速力,射程,レア,スロット数,搭dC数1,搭dC数2,搭dC数3,搭dC数4,搭dC数5,初期装1,初期装2,初期装3,初期装4,初期装5,建造rg,解体燃料,解体a,解体材,解体ボ`キ,改修火力,改修雷装,改修空,改修装甲,搭d燃料,搭da
船ID,龛a番号,名,iみ,N,,,,,,,耐久初期,耐久最大,耐久Y婚,火力初期,火力最大,雷装初期,雷装最大,空初期,空最大,装甲初期,装甲最大,,,,,,,,,,\初期,\最大,速力,射程,レア,スロット数,搭dC数1,搭dC数2,搭dC数3,搭dC数4,搭dC数5,初期装1,初期装2,初期装3,初期装4,初期装5,,,,,,,,,,,
501,0,l逐イ,,2,,,,,,,20,20,20,5,5,15,15,6,6,5,5,,,,,,,,,,0,0,10,0,0,2,0,0,0,0,0,501,-1,-1,-1,-1,,,,,,,,,,,
502,0,l逐ロ,,2,,,,,,,22,22,22,7,7,16,16,7,7,6,6,,,,,,,,,,0,0,10,0,0,2,0,0,0,0,0,502,-1,-1,-1,-1,,,,,,,,,,,
503,0,l逐ハ,,2,,,,,,,24,24,24,6,6,16,16,6,6,7,7,,,,,,,,,,0,0,10,0,0,2,0,0,0,0,0,502,513,-1,-1,-1,,,,,,,,,,,
504,0,l逐ニ,,2,,,,,,,28,28,28,8,8,24,24,8,8,9,9,,,,,,,,,,0,0,10,0,0,2,0,0,0,0,0,502,513,-1,-1,-1,,,,,,,,,,,
505,0,X巡ホ,,3,,,,,,,33,33,33,14,14,24,24,10,10,15,15,,,,,,,,,,0,0,10,0,0,2,0,0,0,0,0,504,525,-1,-1,-1,,,,,,,,,,,
506,0,X巡ヘ,,3,,,,,,,36,36,36,16,16,28,28,12,12,18,18,,,,,,,,,,0,0,10,0,0,2,0,0,0,0,0,506,525,-1,-1,-1,,,,,,,,,,,
507,0,X巡ト,,3,,,,,,,39,39,39,24,24,28,28,12,12,20,20,,,,,,,,,,0,0,10,0,0,3,0,0,0,0,0,506,513,525,-1,-1,,,,,,,,,,,
508,0,雷巡チ,,4,,,,,,,48,48,48,18,18,48,48,10,10,22,22,,,,,,,,,,0,0,10,0,0,3,0,0,0,0,0,504,513,513,-1,-1,,,,,,,,,,,
509,0,重巡リ,,5,,,,,,,58,58,58,32,32,32,32,16,16,28,28,,,,,,,,,,0,0,10,0,0,3,0,0,0,0,0,505,513,525,-1,-1,,,,,,,,,,,
510,0,X母ヌ,,7,,,,,,,65,65,65,0,0,0,0,15,15,25,25,,,,,,,,,,0,0,5,0,0,3,0,0,0,0,0,519,523,516,-1,-1,,,,,,,,,,,
511,0,榕ル,,9,,,,,,,90,90,90,65,65,0,0,70,70,70,70,,,,,,,,,,0,0,5,0,0,3,0,0,0,0,0,509,512,525,-1,-1,,,,,,,,,,,
512,0,空母ヲ,,11,,,,,,,85,85,85,0,0,0,0,30,30,40,40,,,,,,,,,,0,0,10,0,0,3,0,0,0,0,0,519,523,516,-1,-1,,,,,,,,,,,
513,0,送ワ,,15,,,,,,,70,70,70,0,0,0,0,0,0,10,10,,,,,,,,,,0,0,5,0,0,0,0,0,0,0,0,-1,-1,-1,-1,-1,,,,,,,,,,,
514,0,l逐イ,elite,2,,,,,,,30,30,30,15,15,32,32,10,10,12,12,,,,,,,,,,0,0,10,0,0,2,0,0,0,0,0,501,514,-1,-1,-1,,,,,,,,,,,
515,0,l逐ロ,elite,2,,,,,,,35,35,35,20,20,32,32,12,12,14,14,,,,,,,,,,0,0,10,0,0,2,0,0,0,0,0,502,514,-1,-1,-1,,,,,,,,,,,
516,0,l逐ハ,elite,2,,,,,,,40,40,40,15,15,32,32,14,14,16,16,,,,,,,,,,0,0,10,0,0,2,0,0,0,0,0,502,515,-1,-1,-1,,,,,,,,,,,
517,0,l逐ニ,elite,2,,,,,,,45,45,45,20,20,40,40,18,18,18,18,,,,,,,,,,0,0,10,0,0,2,0,0,0,0,0,502,515,-1,-1,-1,,,,,,,,,,,
518,0,X巡ホ,elite,3,,,,,,,48,48,48,30,30,40,40,20,20,30,30,,,,,,,,,,0,0,10,0,0,2,0,0,0,0,0,504,525,-1,-1,-1,,,,,,,,,,,
519,0,X巡ヘ,elite,3,,,,,,,52,52,52,34,34,48,48,23,23,32,32,,,,,,,,,,0,0,10,0,0,2,0,0,0,0,0,506,525,-1,-1,-1,,,,,,,,,,,
520,0,X巡ト,elite,3,,,,,,,55,55,55,36,36,48,48,24,24,36,36,,,,,,,,,,0,0,10,0,0,3,0,0,0,0,0,506,513,525,-1,-1,,,,,,,,,,,
521,0,雷巡チ,elite,4,,,,,,,50,50,50,35,35,72,72,20,20,34,34,,,,,,,,,,0,0,10,0,0,3,0,0,0,0,0,506,514,514,-1,-1,,,,,,,,,,,
522,0,重巡リ,elite,5,,,,,,,60,60,60,58,58,42,42,30,30,60,60,,,,,,,,,,0,0,10,0,0,4,0,0,0,0,0,505,506,525,525,-1,,,,,,,,,,,
523,0,X母ヌ,elite,7,,,,,,,70,70,70,0,0,0,0,15,15,35,35,,,,,,,,,,0,0,5,0,0,3,0,0,0,0,0,520,523,516,-1,-1,,,,,,,,,,,
524,0,榕ル,elite,9,,,,,,,90,90,90,85,85,0,0,70,70,85,85,,,,,,,,,,0,0,5,0,0,4,0,0,0,0,0,509,509,512,528,-1,,,,,,,,,,,
525,0,空母ヲ,elite,11,,,,,,,88,88,88,0,0,0,0,40,40,55,55,,,,,,,,,,0,0,10,0,0,3,0,0,0,0,0,520,517,524,-1,-1,,,,,,,,,,,
526,0,送ワ,elite,15,,,,,,,80,80,80,15,15,0,0,0,0,35,35,,,,,,,,,,0,0,5,0,0,3,0,0,0,0,0,501,503,503,-1,-1,,,,,,,,,,,
527,0,重巡リ,flagship,5,,,,,,,76,76,76,68,68,48,48,40,40,70,70,,,,,,,,,,0,0,10,0,0,4,0,0,0,0,0,505,506,515,525,-1,,,,,,,,,,,
528,0,空母ヲ,flagship,11,,,,,,,96,96,96,25,25,0,0,50,50,80,80,,,,,,,,,,0,0,10,0,0,3,0,0,0,0,0,520,517,524,-1,-1,,,,,,,,,,,
529,0,榕ル,flagship,9,,,,,,,98,98,98,90,90,0,0,80,80,99,99,,,,,,,,,,0,0,5,0,0,4,0,0,0,0,0,509,509,525,528,-1,,,,,,,,,,,
530,0,潜水カ,,13,,,,,,,19,19,19,0,0,42,42,0,0,7,7,,,,,,,,,,0,0,5,0,0,2,0,0,0,0,0,513,513,-1,-1,-1,,,,,,,,,,,
531,0,潜水ヨ,,13,,,,,,,0,0,0,0,0,0,0,0,0,0,0,,,,,,,,,,0,0,5,0,0,2,0,0,0,0,0,-1,-1,-1,-1,-1,,,,,,,,,,,
532,0,潜水カ,elite,13,,,,,,,27,27,27,0,0,64,64,0,0,21,21,,,,,,,,,,0,0,5,0,0,3,0,0,0,0,0,515,513,513,-1,-1,,,,,,,,,,,
533,0,潜水ヨ,elite,13,,,,,,,34,34,34,0,0,74,74,0,0,27,27,,,,,,,,,,0,0,5,0,0,3,0,0,0,0,0,515,514,514,-1,-1,,,,,,,,,,,
534,0,潜水カ,flagship,13,,,,,,,37,37,37,0,0,86,86,0,0,30,30,,,,,,,,,,0,0,5,0,0,3,0,0,0,0,0,515,515,513,-1,-1,,,,,,,,,,,
535,0,潜水ヨ,flagship,13,,,,,,,44,44,44,0,0,96,96,0,0,36,36,,,,,,,,,,0,0,5,0,0,3,0,0,0,0,0,515,515,514,-1,-1,,,,,,,,,,,
536,0,浮[要塞,,10,,,,,,,0,0,0,0,0,0,0,0,0,0,0,,,,,,,,,,0,0,10,0,0,3,0,0,0,0,0,-1,-1,-1,-1,-1,,,,,,,,,,,
537,0,浮[要塞,,10,,,,,,,0,0,0,0,0,0,0,0,0,0,0,,,,,,,,,,0,0,10,0,0,3,0,0,0,0,0,-1,-1,-1,-1,-1,,,,,,,,,,,
538,0,浮[要塞,,10,,,,,,,0,0,0,0,0,0,0,0,0,0,0,,,,,,,,,,0,0,10,0,0,3,0,0,0,0,0,-1,-1,-1,-1,-1,,,,,,,,,,,
539,0,泊地鬼,,10,,,,,,,0,0,0,0,0,0,0,0,0,0,0,,,,,,,,,,0,0,5,0,0,3,0,0,0,0,0,-1,-1,-1,-1,-1,,,,,,,,,,,
540,0,泊地,,10,,,,,,,0,0,0,0,0,0,0,0,0,0,0,,,,,,,,,,0,0,5,0,0,3,0,0,0,0,0,-1,-1,-1,-1,-1,,,,,,,,,,,
541,0,榕タ,,8,,,,,,,0,0,0,0,0,0,0,0,0,0,0,,,,,,,,,,0,0,10,0,0,4,0,0,0,0,0,508,508,512,525,-1,,,,,,,,,,,
542,0,榕タ,elite,8,,,,,,,88,88,88,75,75,0,0,65,65,88,88,,,,,,,,,,0,0,10,0,0,4,0,0,0,0,0,509,508,512,528,-1,,,,,,,,,,,
543,0,榕タ,flagship,8,,,,,,,90,90,90,85,85,0,0,70,70,96,96,,,,,,,,,,0,0,10,0,0,4,0,0,0,0,0,509,509,525,529,-1,,,,,,,,,,,
544,0,装甲空母鬼,,10,,,,,,,150,150,150,70,70,80,80,60,60,80,80,,,,,,,,,,0,0,10,0,0,3,0,0,0,0,0,520,524,508,-1,-1,,,,,,,,,,,
545,0,装甲空母,,10,,,,,,,270,270,270,90,90,90,90,70,70,90,90,,,,,,,,,,0,0,10,0,0,3,0,0,0,0,0,520,517,508,-1,-1,,,,,,,,,,,
546,0,南方鬼,,10,,,,,,,0,0,0,0,0,0,0,0,0,0,0,,,,,,,,,,0,0,5,0,0,3,0,0,0,0,0,-1,-1,-1,-1,-1,,,,,,,,,,,
547,0,南方楣,,10,,,,,,,0,0,0,0,0,0,0,0,0,0,0,,,,,,,,,,0,0,5,0,0,3,0,0,0,0,0,-1,-1,-1,-1,-1,,,,,,,,,,,
548,0,南方,,10,,,,,,,0,0,0,0,0,0,0,0,0,0,0,,,,,,,,,,0,0,5,0,0,3,0,0,0,0,0,-1,-1,-1,-1,-1,,,,,,,,,,,
549,0,ol要塞,,10,,,,,,,66,66,66,55,55,45,45,20,20,50,50,,,,,,,,,,0,0,10,0,0,3,0,0,0,0,0,505,520,524,-1,-1,,,,,,,,,,,
550,0,ol要塞,,10,,,,,,,66,66,66,55,55,45,45,20,20,50,50,,,,,,,,,,0,0,10,0,0,3,0,0,0,0,0,505,520,517,-1,-1,,,,,,,,,,,
551,0,ol要塞,,10,,,,,,,66,66,66,55,55,45,45,20,20,50,50,,,,,,,,,,0,0,10,0,0,3,0,0,0,0,0,505,520,517,-1,-1,,,,,,,,,,,
552,0,l逐ロ,flagship,2,,,,,,,43,43,43,33,33,60,60,24,24,24,24,,,,,,,,,,0,0,10,0,0,3,0,0,0,0,0,502,515,542,-1,-1,,,,,,,,,,,
553,0,l逐ハ,flagship,2,,,,,,,47,47,47,30,30,60,60,24,24,27,27,,,,,,,,,,0,0,10,0,0,3,0,0,0,0,0,502,515,542,-1,-1,,,,,,,,,,,
554,0,X巡ホ,flagship,3,,,,,,,53,53,53,42,42,72,72,27,27,36,36,,,,,,,,,,0,0,10,0,0,3,0,0,0,0,0,504,542,543,-1,-1,,,,,,,,,,,
555,0,X巡ヘ,flagship,3,,,,,,,57,57,57,48,48,80,80,30,30,39,39,,,,,,,,,,0,0,10,0,0,4,0,0,0,0,0,506,525,542,543,-1,,,,,,,,,,,
556,0,w行,,10,,,,,,,0,0,0,0,0,0,0,0,0,0,0,,,,,,,,,,0,0,0,0,0,4,0,0,0,0,0,520,520,524,517,-1,,,,,,,,,,,
557,0,榕,,9,,,,,,,400,400,400,180,180,0,0,80,80,160,160,,,,,,,,,,0,0,5,0,0,4,0,0,0,0,0,509,509,512,529,-1,,,,,,,,,,,
558,0,送ワ,flagship,15,,,,,,,130,130,130,55,55,0,0,40,40,65,65,,,,,,,,,,0,0,5,0,0,3,0,0,0,0,0,506,504,504,-1,-1,,,,,,,,,,,
559,0,雷巡チ,flagship,4,,,,,,,70,70,70,50,50,120,120,30,30,60,60,,,,,,,,,,0,0,10,0,0,3,0,0,0,0,0,506,515,515,-1,-1,,,,,,,,,,,
560,0,X母ヌ,flagship,7,,,,,,,84,84,84,18,18,0,0,36,36,70,70,,,,,,,,,,0,0,5,0,0,4,0,0,0,0,0,520,524,524,517,-1,,,,,,,,,,,
561,0,榕レ,,10,,,,,,,180,180,180,90,90,100,100,80,80,110,110,,,,,,,,,,0,0,10,0,0,4,0,0,0,0,0,509,512,515,546,-1,,,,,,,,,,,
562,0,榕レ,elite,10,,,,,,,0,0,0,0,0,0,0,0,0,0,0,,,,,,,,,,0,0,10,0,0,4,0,0,0,0,0,-1,-1,-1,-1,-1,,,,,,,,,,,
564,0,l逐イ,flagship,2,,,,,,,39,39,39,32,32,60,60,24,24,24,24,,,,,,,,,,0,0,10,0,0,3,0,0,0,0,0,531,545,542,-1,-1,,,,,,,,,,,
565,0,空母ヲ改,flagship,11,,,,,,,160,160,160,40,40,0,0,90,90,120,120,,,,,,,,,,0,0,10,0,0,4,0,0,0,0,0,521,524,518,518,-1,,,,,,,,,,,
566,0,重巡リ改,flagship,5,,,,,,,88,88,88,88,88,80,80,58,58,80,80,,,,,,,,,,0,0,10,0,0,4,0,0,0,0,0,505,505,515,526,-1,,,,,,,,,,,
567,0,榕ル改,flagship,9,,,,,,,130,130,130,110,110,0,0,88,88,110,110,,,,,,,,,,0,0,5,0,0,4,0,0,0,0,0,509,509,529,526,-1,,,,,,,,,,,
570,0,潜水ソ,,13,,,,,,,0,0,0,0,0,0,0,0,0,0,0,,,,,,,,,,0,0,5,0,0,2,0,0,0,0,0,-1,-1,-1,-1,-1,,,,,,,,,,,
571,0,潜水ソ,elite,13,,,,,,,45,45,45,30,30,100,100,0,0,30,30,,,,,,,,,,0,0,5,0,0,3,0,0,0,0,0,515,515,503,-1,-1,,,,,,,,,,,
572,0,潜水ソ,flagship,13,,,,,,,48,48,48,30,30,135,135,0,0,42,42,,,,,,,,,,0,0,5,0,0,3,0,0,0,0,0,515,515,515,-1,-1,,,,,,,,,,,
573,0,港湾,,10,,,,,,,380,380,380,100,100,0,0,150,150,135,135,,,,,,,,,,0,0,0,0,0,4,0,0,0,0,0,521,524,517,517,-1,,,,,,,,,,,
574,0,xu鬼,,10,,,,,,,0,0,0,0,0,0,0,0,0,0,0,,,,,,,,,,0,0,0,0,0,4,0,0,0,0,0,-1,-1,-1,-1,-1,,,,,,,,,,,
575,0,l逐イ後期型,,2,,,,,,,35,35,35,38,38,60,60,30,30,22,22,,,,,,,,,,0,0,10,0,0,3,0,0,0,0,0,502,545,542,-1,-1,,,,,,,,,,,
576,0,l逐ロ後期型,,2,,,,,,,37,37,37,38,38,66,66,32,32,26,26,,,,,,,,,,0,0,10,0,0,3,0,0,0,0,0,502,545,542,-1,-1,,,,,,,,,,,
577,0,l逐ハ後期型,,2,,,,,,,38,38,38,44,44,72,72,36,36,29,29,,,,,,,,,,0,0,10,0,0,3,0,0,0,0,0,502,515,542,-1,-1,,,,,,,,,,,
578,0,l逐ニ後期型,,2,,,,,,,40,40,40,48,48,84,84,38,38,33,33,,,,,,,,,,0,0,10,0,0,3,0,0,0,0,0,502,515,542,-1,-1,,,,,,,,,,,
579,0,空母ヲ,flagship,11,,,,,,,96,96,96,25,25,0,0,50,50,80,80,,,,,,,,,,0,0,10,0,0,3,0,0,0,0,0,547,548,549,549,-1,,,,,,,,,,,
581,0,北方,,10,,,,,,,0,0,0,0,0,0,0,0,0,0,0,,,,,,,,,,0,0,0,0,0,4,0,0,0,0,0,-1,-1,-1,-1,-1,,,,,,,,,,,
582,0,北方,,10,,,,,,,0,0,0,0,0,0,0,0,0,0,0,,,,,,,,,,0,0,0,0,0,4,0,0,0,0,0,-1,-1,-1,-1,-1,,,,,,,,,,,
583,0,中g,,10,,,,,,,0,0,0,0,0,0,0,0,0,0,0,,,,,,,,,,0,0,0,0,0,5,0,0,0,0,0,-1,-1,-1,-1,-1,,,,,,,,,,,
584,0,中g,,10,,,,,,,0,0,0,0,0,0,0,0,0,0,0,,,,,,,,,,0,0,0,0,0,5,0,0,0,0,0,-1,-1,-1,-1,-1,,,,,,,,,,,
585,0,空母鬼,,11,,,,,,,0,0,0,0,0,0,0,0,0,0,0,,,,,,,,,,0,0,10,0,0,4,0,0,0,0,0,-1,-1,-1,-1,-1,,,,,,,,,,,
586,0,空母,,11,,,,,,,0,0,0,0,0,0,0,0,0,0,0,,,,,,,,,,0,0,10,0,0,4,0,0,0,0,0,547,548,549,532,-1,,,,,,,,,,,
587,0,北方,,10,,,,,,,0,0,0,0,0,0,0,0,0,0,0,,,,,,,,,,0,0,0,0,0,4,0,0,0,0,0,-1,-1,-1,-1,-1,,,,,,,,,,,
588,0,北方,,10,,,,,,,0,0,0,0,0,0,0,0,0,0,0,,,,,,,,,,0,0,0,0,0,4,0,0,0,0,0,-1,-1,-1,-1,-1,,,,,,,,,,,
589,0,北方,,10,,,,,,,0,0,0,0,0,0,0,0,0,0,0,,,,,,,,,,0,0,0,0,0,4,0,0,0,0,0,-1,-1,-1,-1,-1,,,,,,,,,,,
590,0,北方,,10,,,,,,,0,0,0,0,0,0,0,0,0,0,0,,,,,,,,,,0,0,0,0,0,4,0,0,0,0,0,-1,-1,-1,-1,-1,,,,,,,,,,,
591,0,X巡ツ,,3,,,,,,,48,48,48,58,58,84,84,88,88,55,55,,,,,,,,,,0,0,10,0,0,4,0,0,0,0,0,550,550,545,525,-1,,,,,,,,,,,
592,0,X巡ツ,elite,3,,,,,,,66,66,66,64,64,92,92,96,96,68,68,,,,,,,,,,0,0,10,0,0,4,0,0,0,0,0,550,550,545,525,-1,,,,,,,,,,,
594,0,重巡ネ,,5,,,,,,,80,80,80,73,73,66,66,72,72,82,82,,,,,,,,,,0,0,10,0,0,4,0,0,0,0,0,505,505,515,525,-1,,,,,,,,,,,
595,0,重巡ネ,elite,5,,,,,,,88,88,88,79,79,74,74,79,79,89,89,,,,,,,,,,0,0,10,0,0,4,0,0,0,0,0,505,505,515,525,-1,,,,,,,,,,,
597,0,l逐,,2,,,,,,,150,150,150,59,59,90,90,60,60,100,100,,,,,,,,,,0,0,10,0,0,3,0,0,0,0,0,502,502,515,-1,-1,,,,,,,,,,,
598,0,l逐,,2,,,,,,,190,190,190,69,69,90,90,60,60,115,115,,,,,,,,,,0,0,10,0,0,3,0,0,0,0,0,502,502,515,-1,-1,,,,,,,,,,,
599,0,空母水鬼,,11,,,,,,,0,0,0,0,0,0,0,0,0,0,0,,,,,,,,,,0,0,10,0,0,4,0,0,0,0,0,-1,-1,-1,-1,-1,,,,,,,,,,,
600,0,空母水鬼,,11,,,,,,,0,0,0,0,0,0,0,0,0,0,0,,,,,,,,,,0,0,10,0,0,4,0,0,0,0,0,-1,-1,-1,-1,-1,,,,,,,,,,,
601,0,X巡鬼,,3,,,,,,,0,0,0,0,0,0,0,0,0,0,0,,,,,,,,,,0,0,10,0,0,4,0,0,0,0,0,-1,-1,-1,-1,-1,,,,,,,,,,,
602,0,X巡鬼,,3,,,,,,,270,270,270,69,69,98,98,60,60,170,170,,,,,,,,,,0,0,10,0,0,4,0,0,0,0,0,506,506,529,525,-1,,,,,,,,,,,
603,0,榕水鬼,,9,,,,,,,0,0,0,0,0,0,0,0,0,0,0,,,,,,,,,,0,0,5,0,0,4,0,0,0,0,0,-1,-1,-1,-1,-1,,,,,,,,,,,
604,0,榕水鬼,,9,,,,,,,0,0,0,0,0,0,0,0,0,0,0,,,,,,,,,,0,0,5,0,0,4,0,0,0,0,0,-1,-1,-1,-1,-1,,,,,,,,,,,
605,0,港湾水鬼,,10,,,,,,,0,0,0,0,0,0,0,0,0,0,0,,,,,,,,,,0,0,0,0,0,4,0,0,0,0,0,-1,-1,-1,-1,-1,,,,,,,,,,,
606,0,港湾水鬼,,10,,,,,,,0,0,0,0,0,0,0,0,0,0,0,,,,,,,,,,0,0,0,0,0,4,0,0,0,0,0,-1,-1,-1,-1,-1,,,,,,,,,,,
607,0,港湾水鬼,,10,,,,,,,0,0,0,0,0,0,0,0,0,0,0,,,,,,,,,,0,0,0,0,0,4,0,0,0,0,0,-1,-1,-1,-1,-1,,,,,,,,,,,
608,0,港湾水鬼,,10,,,,,,,0,0,0,0,0,0,0,0,0,0,0,,,,,,,,,,0,0,0,0,0,4,0,0,0,0,0,-1,-1,-1,-1,-1,,,,,,,,,,,
609,0,泊地水鬼,,10,,,,,,,0,0,0,0,0,0,0,0,0,0,0,,,,,,,,,,0,0,0,0,0,4,0,0,0,0,0,-1,-1,-1,-1,-1,,,,,,,,,,,
610,0,泊地水鬼,,10,,,,,,,0,0,0,0,0,0,0,0,0,0,0,,,,,,,,,,0,0,0,0,0,4,0,0,0,0,0,-1,-1,-1,-1,-1,,,,,,,,,,,
611,0,泊地水鬼,,10,,,,,,,0,0,0,0,0,0,0,0,0,0,0,,,,,,,,,,0,0,0,0,0,4,0,0,0,0,0,-1,-1,-1,-1,-1,,,,,,,,,,,
612,0,泊地水鬼,,10,,,,,,,0,0,0,0,0,0,0,0,0,0,0,,,,,,,,,,0,0,0,0,0,4,0,0,0,0,0,-1,-1,-1,-1,-1,,,,,,,,,,,
613,0,港湾,,10,,,,,,,490,490,490,180,180,0,0,170,170,177,177,,,,,,,,,,0,0,0,0,0,4,0,0,0,0,0,552,552,536,549,-1,,,,,,,,,,,
614,0,空母ヲ,flagship,11,,,,,,,96,96,96,25,25,0,0,50,50,80,80,,,,,,,,,,0,0,10,0,0,3,0,0,0,0,0,556,548,558,549,-1,,,,,,,,,,,
615,0,空母ヲ,flagship,11,,,,,,,96,96,96,25,25,0,0,50,50,80,80,,,,,,,,,,0,0,10,0,0,3,0,0,0,0,0,556,557,558,558,-1,,,,,,,,,,,
616,0,空母ヲ改,flagship,11,,,,,,,160,160,160,40,40,0,0,90,90,120,120,,,,,,,,,,0,0,10,0,0,3,0,0,0,0,0,547,548,549,549,-1,,,,,,,,,,,
617,0,空母ヲ改,flagship,11,,,,,,,160,160,160,40,40,0,0,90,90,120,120,,,,,,,,,,0,0,10,0,0,3,0,0,0,0,0,556,548,558,549,-1,,,,,,,,,,,
618,0,空母ヲ改,flagship,11,,,,,,,160,160,160,40,40,0,0,90,90,120,120,,,,,,,,,,0,0,10,0,0,3,0,0,0,0,0,556,557,558,558,-1,,,,,,,,,,,
619,0,空母鬼,,11,,,,,,,0,0,0,0,0,0,0,0,0,0,0,,,,,,,,,,0,0,10,0,0,4,0,0,0,0,0,-1,-1,-1,-1,-1,,,,,,,,,,,
620,0,空母,,11,,,,,,,0,0,0,0,0,0,0,0,0,0,0,,,,,,,,,,0,0,10,0,0,4,0,0,0,0,0,556,557,558,532,-1,,,,,,,,,,,
621,0,l逐イ後期型,elite,2,,,,,,,39,39,39,48,48,76,76,40,40,30,30,,,,,,,,,,0,0,10,0,0,3,0,0,0,0,0,502,502,559,-1,-1,,,,,,,,,,,
622,0,l逐ロ後期型,elite,2,,,,,,,43,43,43,58,58,88,88,44,44,36,36,,,,,,,,,,0,0,10,0,0,3,0,0,0,0,0,502,502,559,-1,-1,,,,,,,,,,,
623,0,l逐ハ後期型,elite,2,,,,,,,46,46,46,58,58,76,76,48,48,36,36,,,,,,,,,,0,0,10,0,0,3,0,0,0,0,0,502,559,544,-1,-1,,,,,,,,,,,
624,0,l逐ニ後期型,elite,2,,,,,,,0,0,0,0,0,0,0,0,0,0,0,,,,,,,,,,0,0,10,0,0,3,0,0,0,0,0,502,502,559,-1,-1,,,,,,,,,,,
625,0,水母,,16,,,,,,,0,0,0,0,0,0,0,0,0,0,0,,,,,,,,,,0,0,5,0,0,4,0,0,0,0,0,550,550,541,554,-1,,,,,,,,,,,
626,0,水母,,16,,,,,,,0,0,0,0,0,0,0,0,0,0,0,,,,,,,,,,0,0,5,0,0,4,0,0,0,0,0,-1,-1,-1,-1,-1,,,,,,,,,,,
627,0,水母,,16,,,,,,,0,0,0,0,0,0,0,0,0,0,0,,,,,,,,,,0,0,5,0,0,4,0,0,0,0,0,-1,-1,-1,-1,-1,,,,,,,,,,,
628,0,防空,,2,,,,,,,0,0,0,0,0,0,0,0,0,0,0,,,,,,,,,,0,0,10,0,0,3,0,0,0,0,0,553,553,531,-1,-1,,,,,,,,,,,
629,0,防空,,2,,,,,,,0,0,0,0,0,0,0,0,0,0,0,,,,,,,,,,0,0,10,0,0,3,0,0,0,0,0,553,553,531,-1,-1,,,,,,,,,,,
630,0,防空,,2,,,,,,,0,0,0,0,0,0,0,0,0,0,0,,,,,,,,,,0,0,10,0,0,3,0,0,0,0,0,553,553,531,-1,-1,,,,,,,,,,,
631,0,w行,,10,,,,,,,0,0,0,0,0,0,0,0,0,0,0,,,,,,,,,,0,0,0,0,0,4,0,0,0,0,0,-1,-1,-1,-1,-1,,,,,,,,,,,
632,0,w行,,10,,,,,,,0,0,0,0,0,0,0,0,0,0,0,,,,,,,,,,0,0,0,0,0,4,0,0,0,0,0,-1,-1,-1,-1,-1,,,,,,,,,,,
633,0,w行,,10,,,,,,,0,0,0,0,0,0,0,0,0,0,0,,,,,,,,,,0,0,0,0,0,4,0,0,0,0,0,556,557,558,558,-1,,,,,,,,,,,
634,0,xu鬼,,10,,,,,,,0,0,0,0,0,0,0,0,0,0,0,,,,,,,,,,0,0,0,0,0,4,0,0,0,0,0,556,557,548,549,-1,,,,,,,,,,,
635,0,xu鬼,,10,,,,,,,0,0,0,0,0,0,0,0,0,0,0,,,,,,,,,,0,0,0,0,0,4,0,0,0,0,0,-1,-1,-1,-1,-1,,,,,,,,,,,
636,0,xu鬼,,10,,,,,,,0,0,0,0,0,0,0,0,0,0,0,,,,,,,,,,0,0,0,0,0,4,0,0,0,0,0,556,557,558,558,-1,,,,,,,,,,,
637,0,PT小鬼群,,2,,,,,,,0,0,0,0,0,0,0,0,0,0,0,,,,,,,,,,0,0,10,0,0,2,0,0,0,0,0,-1,-1,-1,-1,-1,,,,,,,,,,,
638,0,PT小鬼群,,2,,,,,,,0,0,0,0,0,0,0,0,0,0,0,,,,,,,,,,0,0,10,0,0,2,0,0,0,0,0,-1,-1,-1,-1,-1,,,,,,,,,,,
639,0,PT小鬼群,,2,,,,,,,0,0,0,0,0,0,0,0,0,0,0,,,,,,,,,,0,0,10,0,0,2,0,0,0,0,0,-1,-1,-1,-1,-1,,,,,,,,,,,
640,0,PT小鬼群,,2,,,,,,,0,0,0,0,0,0,0,0,0,0,0,,,,,,,,,,0,0,10,0,0,2,0,0,0,0,0,-1,-1,-1,-1,-1,,,,,,,,,,,
641,0,X巡,,3,,,,,,,0,0,0,0,0,0,0,0,0,0,0,,,,,,,,,,0,0,10,0,0,4,0,0,0,0,0,-1,-1,-1,-1,-1,,,,,,,,,,,
642,0,X巡,,3,,,,,,,0,0,0,0,0,0,0,0,0,0,0,,,,,,,,,,0,0,10,0,0,4,0,0,0,0,0,-1,-1,-1,-1,-1,,,,,,,,,,,
643,0,X巡,,3,,,,,,,0,0,0,0,0,0,0,0,0,0,0,,,,,,,,,,0,0,10,0,0,4,0,0,0,0,0,-1,-1,-1,-1,-1,,,,,,,,,,,
644,0,潜水,,13,,,,,,,0,0,0,0,0,0,0,0,0,0,0,,,,,,,,,,0,0,5,0,0,3,0,0,0,0,0,-1,-1,-1,-1,-1,,,,,,,,,,,
645,0,潜水,,13,,,,,,,0,0,0,0,0,0,0,0,0,0,0,,,,,,,,,,0,0,5,0,0,3,0,0,0,0,0,-1,-1,-1,-1,-1,,,,,,,,,,,
646,0,潜水,,13,,,,,,,0,0,0,0,0,0,0,0,0,0,0,,,,,,,,,,0,0,5,0,0,3,0,0,0,0,0,-1,-1,-1,-1,-1,,,,,,,,,,,
647,0,l逐水鬼,,2,,,,,,,0,0,0,0,0,0,0,0,0,0,0,,,,,,,,,,0,0,10,0,0,4,0,0,0,0,0,-1,-1,-1,-1,-1,,,,,,,,,,,
648,0,l逐水鬼,,2,,,,,,,0,0,0,0,0,0,0,0,0,0,0,,,,,,,,,,0,0,10,0,0,4,0,0,0,0,0,-1,-1,-1,-1,-1,,,,,,,,,,,
649,0,l逐水鬼,,2,,,,,,,0,0,0,0,0,0,0,0,0,0,0,,,,,,,,,,0,0,10,0,0,4,0,0,0,0,0,-1,-1,-1,-1,-1,,,,,,,,,,,
650,0,w行,,10,,,,,,,0,0,0,0,0,0,0,0,0,0,0,,,,,,,,,,0,0,0,0,0,4,0,0,0,0,0,-1,-1,-1,-1,-1,,,,,,,,,,,
651,0,w行,,10,,,,,,,0,0,0,0,0,0,0,0,0,0,0,,,,,,,,,,0,0,0,0,0,4,0,0,0,0,0,-1,-1,-1,-1,-1,,,,,,,,,,,
652,0,w行,,10,,,,,,,0,0,0,0,0,0,0,0,0,0,0,,,,,,,,,,0,0,0,0,0,4,0,0,0,0,0,-1,-1,-1,-1,-1,,,,,,,,,,,
653,0,集e地,,10,,,,,,,0,0,0,0,0,0,0,0,0,0,0,,,,,,,,,,0,0,0,0,0,4,0,0,0,0,0,-1,-1,-1,-1,-1,,,,,,,,,,,
654,0,集e地,,10,,,,,,,0,0,0,0,0,0,0,0,0,0,0,,,,,,,,,,0,0,0,0,0,4,0,0,0,0,0,-1,-1,-1,-1,-1,,,,,,,,,,,
655,0,集e地,,10,,,,,,,0,0,0,0,0,0,0,0,0,0,0,,,,,,,,,,0,0,0,0,0,4,0,0,0,0,0,-1,-1,-1,-1,-1,,,,,,,,,,,
656,0,集e地-,,10,,,,,,,0,0,0,0,0,0,0,0,0,0,0,,,,,,,,,,0,0,0,0,0,4,0,0,0,0,0,-1,-1,-1,-1,-1,,,,,,,,,,,
657,0,集e地-,,10,,,,,,,0,0,0,0,0,0,0,0,0,0,0,,,,,,,,,,0,0,0,0,0,4,0,0,0,0,0,-1,-1,-1,-1,-1,,,,,,,,,,,
658,0,集e地-,,10,,,,,,,0,0,0,0,0,0,0,0,0,0,0,,,,,,,,,,0,0,0,0,0,4,0,0,0,0,0,-1,-1,-1,-1,-1,,,,,,,,,,,
659,0,重巡,,5,,,,,,,0,0,0,0,0,0,0,0,0,0,0,,,,,,,,,,0,0,10,0,0,4,0,0,0,0,0,-1,-1,-1,-1,-1,,,,,,,,,,,
660,0,重巡,,5,,,,,,,0,0,0,0,0,0,0,0,0,0,0,,,,,,,,,,0,0,10,0,0,4,0,0,0,0,0,-1,-1,-1,-1,-1,,,,,,,,,,,
661,0,重巡,,5,,,,,,,0,0,0,0,0,0,0,0,0,0,0,,,,,,,,,,0,0,10,0,0,4,0,0,0,0,0,-1,-1,-1,-1,-1,,,,,,,,,,,
662,0,重巡,,5,,,,,,,0,0,0,0,0,0,0,0,0,0,0,,,,,,,,,,0,0,10,0,0,4,0,0,0,0,0,-1,-1,-1,-1,-1,,,,,,,,,,,
663,0,重巡,,5,,,,,,,0,0,0,0,0,0,0,0,0,0,0,,,,,,,,,,0,0,10,0,0,4,0,0,0,0,0,-1,-1,-1,-1,-1,,,,,,,,,,,
664,0,重巡,,5,,,,,,,0,0,0,0,0,0,0,0,0,0,0,,,,,,,,,,0,0,10,0,0,4,0,0,0,0,0,-1,-1,-1,-1,-1,,,,,,,,,,,
